# Pokemon Insurgence Teachable Move Data  (generated by tools/generate_tm_data.py)
# Sources: Data/tm.dat (TM, HM, tutor) and Data/eggEmerald.dat (egg moves).
# Uses game-internal move IDs matching move_data.txt
# Moves a species can legally have but will not learn by levelling up.
# species_id | move_id move_id ...
1 | 12 20 35 109 150 185 191 192 193 195 198 199 200 203 206 209 211 215 216 221 222 234 265 271 276 283 289 290 292 297 301 305 312 322 331 333 337 346 353 359 361 363 382 387 391 398 407 412 414 418 429 432 433 437 446 468 482 493 506 579 679 697 710 730
2 | 12 20 35 109 150 195 198 199 200 206 209 211 221 222 234 265 276 283 289 290 292 297 301 305 312 322 331 333 337 346 359 363 382 387 391 398 407 412 414 418 429 433 437 446 482 493 506 579 697 710
3 | 12 20 35 53 109 150 190 195 198 199 200 206 209 211 221 222 223 229 234 262 263 265 273 276 283 289 290 292 297 301 305 312 322 331 333 337 346 350 359 363 382 387 391 397 398 407 412 414 418 429 433 437 446 482 493 506 579 697 710
4 | 12 24 28 36 37 43 53 54 56 57 59 63 72 84 90 98 109 115 119 126 128 129 132 136 140 144 145 148 150 151 160 166 176 225 234 265 267 276 280 283 289 290 292 297 299 301 305 312 331 333 337 346 348 359 382 391 407 412 414 418 437 446 493 504 506 508 517 525 579 583 614 697 706 730
5 | 12 37 43 56 57 72 84 90 98 109 115 119 126 128 129 132 136 140 144 145 148 150 151 160 176 225 234 265 267 276 280 283 289 290 292 297 299 301 305 312 331 333 337 346 359 382 391 407 412 414 418 437 446 493 504 506 508 517 579 583 614 697 706
6 | 12 37 43 53 56 57 58 61 72 84 87 90 98 109 115 119 124 126 128 129 132 136 140 144 145 148 150 151 156 160 163 166 169 172 173 176 177 195 223 225 229 234 262 263 265 267 276 280 283 289 290 292 297 299 301 305 312 331 333 337 346 359 382 391 397 407 412 414 418 437 446 493 504 506 508 517 521 579 583 612 614 697 706 708 732
7 | 37 56 67 84 90 93 98 109 115 119 225 234 237 242 243 245 250 257 258 259 265 267 276 280 283 289 290 292 297 306 312 330 331 333 337 346 359 366 382 391 396 407 412 414 426 437 446 455 463 493 508 510 517 527 531 535 537 538 539 541 542 543 545 548 549 550 553 555 556 579 604 697 706 730
8 | 37 56 67 84 90 93 98 109 115 119 225 234 242 243 245 250 257 265 267 276 280 283 289 290 292 297 306 312 331 333 337 346 359 382 391 407 412 414 437 446 455 493 508 510 517 527 531 538 539 541 542 543 545 548 549 553 556 579 604 697 706
9 | 5 25 37 53 56 58 67 84 87 90 93 98 109 115 119 223 225 229 234 242 243 245 249 250 257 262 263 265 267 273 276 280 283 289 290 292 297 306 312 331 333 337 346 359 382 391 397 407 412 414 437 446 455 493 504 508 509 510 517 519 527 531 534 538 539 541 542 543 545 548 549 553 556 579 604 606 697 706
10 | 8 20 77 312
11 | 8 20 77 531
12 | 5 6 8 9 10 20 34 61 77 150 160 165 166 169 172 173 175 177 195 198 200 262 263 265 289 292 297 299 312 331 333 337 346 359 363 382 386 391 392 398 407 412 414 433 437 446 449 452 493 495 556 579 697 699 708
13 | 8 20 77
14 | 8 20 77 531
15 | 4 6 8 9 10 12 20 32 34 35 77 98 109 150 160 165 166 169 172 173 177 195 200 226 262 263 265 289 292 297 299 301 307 312 329 331 333 337 346 347 359 363 382 391 407 412 414 418 429 430 433 437 446 493 579 697 699 708 710
16 | 6 29 33 34 61 132 150 152 153 154 156 159 160 162 166 169 172 173 177 234 265 275 289 292 297 299 312 331 333 337 346 359 366 382 391 407 412 414 425 437 446 493 521 556 579 697 708
17 | 6 34 61 132 150 152 154 156 160 162 166 169 172 173 177 234 265 275 289 292 297 299 312 331 333 337 346 359 382 391 407 412 414 425 437 446 493 521 556 579 697 708
18 | 6 34 61 132 150 152 154 156 160 162 166 169 172 173 177 234 262 263 265 275 289 292 297 299 312 331 333 337 346 359 382 391 407 412 414 425 437 446 493 521 556 579 697 708
19 | 6 26 28 34 49 65 69 70 76 78 83 104 109 115 116 118 143 150 162 175 211 225 234 242 243 250 264 265 275 276 289 290 291 292 296 297 299 301 312 320 329 331 333 337 340 346 359 378 382 391 400 407 412 414 425 437 446 455 493 517 556 579 604 697
20 | 6 26 34 49 65 69 70 76 78 83 109 115 150 162 175 211 225 234 242 243 250 262 263 264 265 275 276 283 289 290 291 292 296 297 299 301 312 329 331 333 337 340 346 359 382 391 397 407 412 414 418 425 437 446 455 493 517 556 579 604 697
21 | 6 29 34 61 132 150 152 156 160 162 166 169 170 172 173 177 181 226 234 265 275 281 284 289 292 297 299 305 307 310 312 331 333 337 346 347 359 382 391 399 407 412 414 423 425 437 446 493 521 556 579 697 708
22 | 6 34 61 132 150 152 156 160 162 166 169 172 173 177 226 234 262 263 265 275 289 292 297 299 305 307 312 331 333 337 346 347 359 382 391 407 412 414 425 437 446 493 521 556 579 697 708
23 | 25 26 32 33 34 36 47 48 50 150 189 199 200 223 225 229 265 276 282 283 289 290 292 297 312 322 331 333 337 346 358 359 382 391 399 407 412 414 427 428 429 430 433 435 436 437 443 446 493 504 508 517 539 556 579 606 697 699 710
24 | 25 26 32 34 47 50 58 150 189 199 200 223 225 229 262 263 265 276 283 289 290 292 297 312 322 331 333 337 346 359 382 391 407 412 414 427 428 429 430 433 437 443 446 493 504 508 517 539 556 579 606 697 699 710
25 | 5 35 37 45 65 69 70 72 73 76 77 78 80 82 83 84 90 98 109 115 119 211 225 234 265 267 276 278 280 283 289 290 292 296 297 299 305 306 312 331 333 337 346 359 363 372 382 391 407 412 414 424 437 446 482 493 510 517 518 556 579 580 697 730 731 732
26 | 5 34 35 37 45 65 69 70 72 73 76 77 78 82 83 84 87 90 98 109 115 119 211 225 234 262 263 265 267 276 280 283 289 290 292 296 297 299 305 306 312 331 333 337 346 359 363 372 382 391 407 412 414 424 437 446 482 493 510 517 556 579 580 697
27 | 4 12 27 34 35 37 43 84 90 98 109 115 119 150 160 176 223 224 225 229 230 234 265 273 276 283 285 287 289 290 292 296 297 299 301 312 317 330 331 333 337 340 346 359 361 382 391 398 407 412 414 418 430 437 446 493 504 508 510 513 514 517 525 527 579 694 697
28 | 4 12 34 35 37 43 84 87 90 98 109 115 119 150 160 176 223 224 225 229 234 262 263 265 273 276 283 285 289 290 292 296 297 299 301 312 331 333 337 340 346 359 382 391 398 407 412 414 418 430 437 446 493 503 504 508 510 513 514 517 527 579 697
29 | 33 34 36 43 65 69 76 109 115 150 160 176 225 234 242 243 265 271 274 276 283 287 289 290 292 297 301 305 312 331 333 337 340 346 353 358 359 361 364 372 382 391 407 412 413 414 429 430 433 436 437 446 493 517 548 556 579 604 693 697 710
30 | 34 43 65 69 76 109 115 150 160 176 225 234 242 243 265 276 283 289 290 292 297 301 305 312 331 333 337 340 346 359 372 382 391 407 412 414 429 430 433 437 446 493 517 548 556 579 604 697 710
31 | 34 37 43 46 49 50 53 56 58 65 69 72 76 84 87 88 90 98 109 115 119 128 136 140 148 150 160 175 176 223 224 225 226 229 234 242 243 245 249 250 262 263 265 267 273 275 276 280 283 289 290 292 297 301 305 312 331 333 337 340 346 359 372 382 391 397 407 412 414 428 429 430 433 437 446 493 503 504 508 509 513 514 517 538 539 548 553 556 579 583 604 612 614 697 706 710
32 | 26 34 36 43 65 69 76 109 115 150 176 225 226 234 242 243 265 274 276 283 287 289 290 292 297 301 305 312 331 333 337 340 346 358 359 361 372 382 391 407 412 413 414 429 430 433 436 437 446 462 468 493 501 517 548 556 579 604 693 697 710
33 | 26 34 43 65 69 76 109 115 150 176 225 226 234 242 243 265 276 283 289 290 292 297 301 305 312 331 333 337 340 346 359 372 382 391 407 412 414 429 430 433 437 446 493 517 548 556 579 604 697 710
34 | 1 26 34 37 43 46 49 50 53 56 58 65 69 72 76 84 87 88 90 98 109 115 119 128 136 140 148 150 175 176 223 224 225 226 229 234 242 243 245 249 250 262 263 265 267 273 275 276 280 283 289 290 292 297 301 305 312 331 333 337 340 346 359 372 382 391 397 407 412 414 428 429 430 433 437 446 493 503 504 508 509 513 514 517 538 539 548 553 556 579 583 604 612 614 697 706 710
35 | 5 35 37 47 65 69 72 76 78 83 84 90 98 99 109 115 119 128 136 140 148 150 157 175 195 211 225 234 242 243 245 250 264 265 267 272 276 280 283 289 290 291 292 296 297 305 312 329 331 333 337 344 346 359 363 371 372 380 382 391 392 394 398 407 409 412 414 424 425 437 446 449 452 454 455 470 472 482 484 492 493 494 496 498 500 510 514 517 518 548 556 579 582 604 614 654 697 706
36 | 5 35 37 47 65 69 72 76 78 83 84 87 90 98 99 109 115 119 128 136 140 148 150 157 175 195 211 225 234 242 243 245 250 262 263 264 265 267 272 276 280 283 289 290 291 292 296 297 305 312 329 331 333 337 344 346 359 363 371 372 380 382 391 392 394 398 407 409 412 414 424 425 437 446 449 452 454 455 470 472 482 484 492 493 494 496 498 500 510 514 517 518 548 556 579 582 604 614 654 697 706
37 | 22 25 29 32 126 128 129 132 136 145 148 150 151 177 179 189 198 225 265 276 289 290 292 296 297 299 312 315 330 331 333 337 346 352 358 359 373 382 389 391 392 397 398 407 412 414 437 446 453 455 479 489 493 494 517 579 606 614 697
38 | 22 25 32 45 126 128 129 132 136 145 148 150 151 177 189 195 198 225 262 263 265 276 289 290 292 296 297 299 312 331 333 337 346 359 382 389 391 392 397 398 407 412 414 437 446 449 453 454 455 470 479 493 494 517 579 606 614 697
39 | 35 37 47 65 69 70 72 76 78 83 84 90 98 99 115 119 128 136 140 148 150 157 175 195 211 225 234 242 243 245 250 264 265 267 272 276 280 283 289 290 291 292 296 297 305 312 329 331 333 337 346 359 363 371 372 382 389 391 392 394 398 407 412 414 424 425 437 446 449 452 472 482 484 492 493 494 510 514 527 548 556 579 582 604 614 654 697 706
40 | 35 37 47 65 69 70 72 76 78 83 84 87 90 98 99 115 119 128 136 140 148 150 157 175 195 211 225 234 242 243 245 250 262 263 264 265 267 272 276 280 283 289 290 291 292 296 297 305 312 329 331 333 337 346 359 363 371 372 382 389 391 392 394 398 407 412 414 424 425 437 446 449 452 472 482 484 485 492 493 494 510 514 527 548 556 579 582 604 614 654 697 706
41 | 6 29 32 33 34 45 47 49 50 61 132 150 153 156 160 162 165 166 167 169 172 173 175 177 185 200 265 275 289 292 297 299 310 312 331 333 337 340 346 359 382 391 407 412 414 423 429 433 437 446 455 479 493 521 556 579 693 697 708 710
42 | 6 32 34 45 47 49 50 61 132 150 156 160 162 165 166 169 172 173 175 177 200 262 263 265 275 289 292 297 299 312 331 333 337 340 346 359 382 391 407 412 414 429 433 437 446 455 479 493 521 556 579 697 708 710
43 | 150 195 198 199 200 205 209 211 216 221 222 265 289 292 297 301 312 330 331 333 337 344 346 353 359 363 382 387 391 407 412 414 418 420 421 429 433 437 443 446 493 579 654 697 699 710
44 | 37 99 150 195 198 199 200 209 211 221 222 265 289 292 297 301 312 331 333 337 344 346 359 363 382 387 391 407 412 414 418 429 433 437 443 446 493 579 654 697 699 710
45 | 37 99 150 195 198 199 200 209 211 221 222 262 263 265 276 289 292 297 301 312 331 333 337 344 346 359 363 382 387 391 398 407 412 414 418 429 433 437 443 446 493 579 654 697 699 710
46 | 4 8 10 12 20 33 34 35 43 98 109 115 150 160 195 198 199 200 209 211 217 221 222 225 265 276 289 292 297 301 307 312 330 331 333 335 337 344 346 359 361 363 382 387 391 400 407 412 414 417 418 429 431 433 437 446 460 466 482 493 515 525 579 694 695 697
47 | 4 8 10 12 20 34 35 43 98 109 115 150 160 195 198 199 200 209 211 221 222 225 262 263 265 276 289 292 297 301 307 312 331 333 337 344 346 359 363 382 387 391 407 412 414 418 429 433 437 446 482 493 579 697
48 | 5 8 10 18 20 34 150 195 200 265 289 292 297 299 312 331 333 337 346 347 359 363 382 386 391 400 407 412 414 429 433 437 446 447 452 455 466 493 495 579 697 699 710
49 | 5 6 8 9 10 20 34 61 150 160 165 166 169 172 173 177 195 198 200 262 263 265 289 292 297 299 312 331 333 337 346 347 359 363 382 386 391 407 412 414 429 433 437 446 452 455 493 495 579 697 699 708 710
50 | 26 29 33 34 36 43 44 109 116 118 150 160 176 181 223 224 225 228 229 234 265 275 276 289 290 292 297 301 305 312 331 333 337 346 359 361 382 391 400 407 412 414 429 437 446 493 504 506 508 513 514 579 697
51 | 26 34 43 109 150 160 176 223 224 225 229 234 262 263 265 276 289 292 297 301 305 312 331 333 337 346 359 382 391 407 412 414 428 429 437 446 493 503 504 508 513 514 579 697
52 | 6 22 25 32 34 35 38 43 45 47 49 50 65 69 76 150 160 175 176 189 199 225 234 250 264 265 272 275 276 289 290 291 292 296 297 299 301 305 306 312 330 331 333 337 345 346 353 359 363 382 388 391 392 407 412 414 419 425 427 437 446 449 468 479 493 517 548 556 579 606 697 731
53 | 6 22 25 32 34 35 40 43 45 47 49 50 65 69 76 150 160 175 176 189 199 225 234 250 262 263 264 265 272 275 276 289 290 291 292 296 297 299 301 305 306 312 331 333 337 346 359 363 382 391 392 397 407 412 414 425 427 437 446 449 479 493 517 548 556 579 606 697
54 | 5 37 43 84 89 90 98 109 115 119 160 176 184 222 225 228 234 242 243 245 250 257 265 267 276 280 283 289 290 292 297 299 312 331 333 337 346 359 360 363 366 382 391 392 396 403 407 412 414 426 434 437 446 450 452 454 455 459 460 470 479 482 493 494 496 500 517 538 539 541 542 543 545 548 553 556 579 604 697 706
55 | 5 12 37 43 84 87 90 98 103 109 115 117 119 160 176 222 225 234 242 243 245 250 257 262 263 265 267 273 276 280 283 289 290 292 297 299 312 331 333 337 346 359 363 382 391 392 407 412 414 437 446 452 454 455 470 479 482 493 494 496 500 517 538 539 541 542 543 545 548 553 556 579 604 697 706
56 | 6 27 32 34 36 37 43 49 53 60 65 69 72 84 86 87 90 98 103 104 109 111 115 117 118 119 120 126 140 150 160 165 189 199 223 225 229 234 245 265 267 273 275 276 280 283 289 290 291 292 296 297 298 299 312 329 331 333 337 346 359 360 366 372 380 382 391 407 412 414 425 427 430 437 446 486 493 494 504 508 509 517 556 579 697 706
57 | 6 32 34 37 43 49 53 60 65 69 72 84 87 90 98 103 109 111 115 117 119 120 126 140 150 160 165 189 199 223 225 229 234 245 262 263 265 267 273 275 276 280 283 289 290 291 292 296 297 299 312 329 331 333 337 346 359 372 380 382 391 407 412 414 425 427 430 437 446 493 494 503 504 508 509 517 556 579 697 706
58 | 24 30 34 53 70 86 109 112 126 128 129 132 136 145 147 148 150 151 160 225 234 265 268 276 283 289 290 291 292 296 297 299 312 331 333 337 346 359 372 373 382 386 391 397 398 407 412 414 437 446 493 517 579 614 697
59 | 30 34 53 56 70 109 126 128 129 132 136 145 148 150 151 160 195 225 229 234 262 263 265 273 276 278 283 289 290 291 292 296 297 299 312 331 333 337 346 359 372 382 386 391 397 398 407 412 414 437 446 493 517 520 579 583 612 614 697
60 | 34 119 225 230 242 243 250 254 257 258 259 265 276 289 290 292 297 312 329 331 333 337 346 359 360 361 372 382 383 391 396 407 410 412 414 437 446 452 479 493 538 541 542 543 546 548 553 556 558 579 604 697
61 | 34 37 84 98 109 115 119 223 225 229 234 242 243 245 250 257 265 267 276 280 283 289 290 292 297 312 329 331 333 337 346 359 372 380 382 391 407 412 414 437 446 452 479 493 538 541 542 543 548 553 556 579 604 697 706
62 | 32 34 37 84 87 90 98 103 109 111 115 119 120 223 225 229 234 242 243 245 250 257 262 263 265 267 273 276 280 283 289 290 292 297 312 329 331 333 337 346 359 372 380 382 391 407 412 414 425 430 437 446 452 479 493 504 508 538 541 542 543 548 553 556 579 604 697 706
63 | 5 22 34 35 37 40 47 49 50 72 76 78 83 84 90 99 115 119 140 150 175 198 211 245 265 267 276 280 289 290 292 297 312 331 333 337 346 359 360 363 380 382 391 392 394 398 407 412 414 437 446 449 452 454 455 467 469 470 472 473 474 482 484 485 490 491 492 493 494 495 496 498 499 500 517 556 579 654 697
64 | 5 22 34 35 37 40 47 49 50 72 76 78 83 84 90 99 115 119 140 150 175 198 211 245 265 267 276 280 289 290 292 297 312 331 333 337 346 359 363 380 382 391 392 394 398 407 412 414 437 446 449 452 454 455 467 470 472 482 484 485 492 493 494 495 496 498 499 500 517 556 579 654 697
65 | 5 22 34 35 37 40 47 49 50 72 76 78 83 84 87 90 99 115 119 140 150 175 198 211 245 262 263 265 267 276 280 289 290 292 297 312 331 333 337 346 359 363 380 382 391 392 394 398 407 412 414 437 446 449 452 454 455 467 470 472 482 484 485 492 493 494 495 496 498 499 500 517 556 579 654 697
66 | 32 34 35 37 60 72 84 86 87 88 90 98 99 103 105 109 111 115 117 119 120 122 128 136 140 148 150 223 225 229 234 245 265 267 273 276 280 283 289 290 291 292 297 298 312 331 333 337 346 359 360 372 380 382 391 407 412 414 421 425 430 437 446 482 486 490 493 494 504 508 509 526 528 556 579 614 697 706
67 | 32 34 35 37 60 72 84 87 88 90 98 99 103 109 111 115 117 119 120 128 136 140 148 150 223 225 229 234 245 265 267 273 276 280 283 289 290 291 292 297 312 331 333 337 346 359 372 380 382 391 407 412 414 425 430 437 446 482 493 494 504 508 509 556 579 614 697 706
68 | 32 34 35 37 60 72 84 87 88 90 98 99 103 109 111 115 117 119 120 128 136 140 148 150 223 225 229 234 245 262 263 265 267 273 276 280 283 289 290 291 292 297 312 331 333 337 346 359 372 380 382 391 407 412 414 425 430 437 446 482 493 494 503 504 508 509 556 579 614 697 706
69 | 13 26 34 35 150 193 195 198 199 200 203 209 211 216 221 222 265 289 292 297 301 304 312 322 331 333 335 337 346 359 360 363 382 387 391 407 412 414 418 421 429 433 434 437 438 443 446 492 493 579 696 697 699 710
70 | 26 34 35 150 195 198 199 200 209 211 221 222 265 289 292 297 301 312 322 331 333 337 346 359 363 382 386 387 391 407 412 414 418 429 433 437 443 446 492 493 579 697 699 710
71 | 26 34 35 150 190 195 198 199 200 209 211 221 222 262 263 265 276 289 292 297 301 312 322 331 333 337 346 359 363 382 386 387 391 407 412 414 418 429 433 437 443 446 492 493 579 697 699 710
72 | 32 34 35 184 200 242 243 246 250 257 258 265 289 292 297 301 312 317 322 331 333 337 343 346 359 382 391 398 407 412 414 418 421 428 429 430 433 437 446 463 484 493 537 538 541 542 543 545 548 553 554 555 556 579 604 654 697 699 710
73 | 32 34 35 200 242 243 250 257 262 263 265 289 292 297 301 312 322 331 333 337 346 359 382 391 398 407 412 414 418 428 429 430 433 437 446 484 493 538 541 542 543 545 548 553 556 579 604 654 697 699 710
74 | 26 37 72 84 88 90 91 98 109 115 119 128 136 140 148 150 185 223 224 225 229 234 260 261 265 273 276 280 283 289 290 292 297 312 330 331 333 337 346 350 359 361 380 382 387 391 407 412 414 437 446 493 503 504 506 508 509 510 512 513 514 515 527 530 531 579 614 697 706
75 | 26 37 72 84 88 90 98 109 115 119 128 136 140 148 150 223 224 225 229 234 260 261 265 273 276 280 283 289 290 292 297 312 331 333 337 346 350 359 380 382 387 391 407 412 414 437 446 493 503 504 506 508 509 510 512 513 514 527 531 579 614 697 706
76 | 12 26 37 72 84 87 88 90 98 109 115 119 128 136 140 148 150 223 224 225 229 234 260 261 262 263 265 267 273 276 280 283 289 290 292 297 312 331 333 337 346 350 359 380 382 387 391 397 407 412 414 437 446 493 503 504 506 508 509 510 512 513 514 520 527 531 579 614 697 706
77 | 70 112 117 126 128 129 132 136 143 145 148 150 151 157 195 265 268 276 283 289 290 292 297 299 305 312 331 333 334 337 346 352 353 359 382 386 391 407 412 414 437 446 467 479 493 517 579 614 697
78 | 1 70 117 126 128 129 132 136 145 148 150 151 157 195 226 262 263 265 276 283 289 290 292 297 299 305 312 331 333 337 346 347 359 382 386 391 407 412 414 430 437 446 479 493 517 579 614 697
79 | 5 83 128 136 148 150 175 211 223 225 229 234 237 242 243 250 257 265 276 283 289 290 292 295 297 299 305 312 331 333 337 344 346 348 350 359 363 378 382 391 392 394 398 407 412 414 437 446 449 450 452 454 455 470 482 484 493 495 496 498 499 500 517 538 539 541 542 545 548 553 556 579 604 614 696 697
80 | 5 12 22 37 83 84 87 90 98 99 109 115 119 128 136 148 150 160 175 211 223 225 229 234 242 243 245 249 250 257 262 263 265 267 276 280 283 289 290 292 297 299 305 312 331 333 337 344 346 350 359 363 382 391 392 394 398 407 412 414 437 446 449 452 454 455 470 482 484 493 495 496 498 499 500 517 531 538 539 541 542 545 548 553 556 579 604 614 697
81 | 5 65 67 69 70 73 76 77 78 80 82 83 150 260 265 289 292 297 299 312 331 333 337 359 363 382 391 392 394 407 412 414 437 446 472 482 484 492 493 510 519 527 531 556 579 580 697
82 | 5 65 67 69 70 73 76 77 78 80 82 83 150 260 262 263 265 289 292 297 299 312 331 333 337 359 363 382 391 392 394 407 412 414 437 446 472 482 484 492 493 510 519 527 531 556 579 580 697
83 | 6 12 27 34 35 61 104 132 150 152 156 160 162 165 166 167 169 170 171 172 173 177 185 197 234 264 265 275 276 289 290 291 292 296 297 299 301 307 310 312 330 331 333 337 341 346 347 359 366 372 382 391 392 403 407 412 414 418 424 425 430 437 446 493 517 521 579 697 708
84 | 29 31 34 35 150 153 156 160 162 166 171 172 234 258 265 275 276 289 292 297 299 305 310 312 329 330 331 333 335 337 346 359 382 391 407 412 413 414 425 437 446 493 521 579 697
85 | 32 34 35 49 50 150 152 156 160 162 166 172 234 262 263 265 275 276 289 292 297 299 305 312 329 331 333 337 346 347 359 382 391 407 412 414 425 437 446 493 521 579 697
86 | 5 34 37 182 226 242 243 250 255 257 265 276 282 289 290 292 297 305 306 312 331 333 334 337 339 346 358 359 360 362 382 390 391 398 407 411 412 414 415 437 446 493 517 538 539 541 543 545 548 553 556 579 604 696 697
87 | 5 34 37 226 242 243 249 250 251 257 262 263 265 276 289 290 292 297 305 306 312 331 333 337 346 359 382 391 398 407 412 414 437 446 493 517 538 539 541 543 545 548 553 556 579 604 697
88 | 32 34 37 49 50 65 69 72 76 90 128 136 140 148 150 175 178 180 182 185 200 225 234 245 258 260 261 276 283 289 292 297 312 331 333 337 339 346 359 379 382 389 391 399 407 411 412 414 415 427 428 429 430 433 437 438 446 480 493 504 508 556 579 614 697 699 706 710
89 | 25 32 34 37 49 50 65 69 72 76 84 87 90 98 109 128 136 140 148 150 175 200 225 234 245 260 261 262 263 276 283 289 292 297 312 331 333 337 346 350 359 382 389 391 407 412 414 427 428 429 430 433 437 446 493 504 508 556 579 606 614 697 699 706 710
90 | 11 32 230 242 243 249 250 255 257 260 261 265 274 289 292 297 299 312 317 331 333 337 346 359 382 391 400 407 412 414 437 446 469 493 511 531 538 541 545 546 548 553 555 556 579 604 697
91 | 5 32 50 239 242 243 249 250 251 257 260 261 262 263 265 289 292 297 299 312 331 333 337 346 359 382 391 407 412 414 430 437 446 493 531 538 541 545 548 553 556 579 604 697
92 | 22 25 26 32 34 35 40 47 49 50 69 72 140 150 151 175 177 181 183 187 189 198 200 245 250 258 260 261 275 289 292 297 312 331 333 337 346 358 359 382 389 390 391 392 395 399 407 412 414 428 429 433 434 437 439 446 449 452 464 479 493 495 496 498 499 500 556 579 582 606 654 697 699 707 710
93 | 22 25 26 32 34 35 37 40 47 49 50 69 72 140 150 151 175 176 177 183 189 198 200 245 250 260 261 275 289 292 297 312 331 333 337 346 359 382 389 391 392 407 412 414 428 429 430 433 437 446 449 452 479 493 495 496 498 499 500 556 579 582 606 654 697 699 707 710
94 | 22 25 26 32 34 35 37 40 47 49 50 65 69 72 84 87 90 98 99 109 115 119 140 150 151 175 176 177 183 189 198 200 245 250 260 261 262 263 265 267 275 276 280 283 289 292 297 312 331 333 337 346 359 380 382 389 391 392 407 412 414 428 429 430 433 437 446 449 452 479 493 494 495 496 498 499 500 556 579 582 606 654 697 699 706 707 710
95 | 32 49 50 56 58 61 109 150 223 224 225 229 234 260 261 265 273 276 283 289 290 292 297 312 322 330 331 333 337 346 350 357 359 382 387 391 392 397 407 412 414 437 446 493 503 504 506 508 509 510 511 512 513 514 517 519 520 527 528 579 583 612 694 697
96 | 5 22 34 37 42 45 47 49 50 72 83 84 90 98 99 103 115 117 119 140 150 175 211 245 265 267 276 280 289 290 292 297 312 331 333 337 345 346 359 363 380 382 391 392 394 398 407 412 414 424 437 446 449 452 454 455 458 469 470 474 479 482 484 485 492 493 494 495 496 498 499 556 579 654 697 706
97 | 5 22 34 37 45 47 49 50 72 83 84 87 90 98 99 103 115 117 119 140 150 175 211 245 262 263 265 267 276 280 289 290 292 297 312 331 333 337 346 347 359 363 380 382 391 392 394 398 407 412 414 424 437 446 449 452 454 455 470 479 482 484 485 492 493 494 495 496 498 499 556 579 654 697 706
98 | 4 12 34 35 37 43 88 98 109 225 234 242 243 250 257 258 265 276 282 283 287 289 292 297 301 307 312 327 330 331 333 337 346 359 361 382 391 407 412 414 418 421 437 446 466 467 468 493 504 506 508 531 538 541 542 545 548 553 556 579 604 697
99 | 4 12 34 35 37 43 46 88 98 109 225 234 242 243 250 257 262 263 265 276 283 289 292 297 301 307 312 331 333 337 346 359 382 391 407 412 414 418 437 446 493 504 506 508 531 538 541 542 545 548 553 556 579 604 697
100 | 5 22 26 34 49 50 65 69 70 73 76 78 80 82 83 260 261 289 290 292 297 299 312 331 333 337 359 363 382 391 407 412 414 437 446 482 484 493 510 527 556 579 580 697
101 | 5 22 26 34 49 50 65 69 70 73 76 78 80 82 83 260 261 262 263 289 290 292 297 299 312 331 333 337 359 363 382 391 407 412 414 437 446 482 484 493 510 527 556 579 580 697
102 | 34 150 185 191 195 198 199 200 209 211 216 221 222 260 261 265 275 283 289 292 297 312 331 333 335 337 346 350 359 363 377 382 385 387 391 392 407 412 414 418 424 429 437 446 449 452 453 472 479 482 489 492 493 495 496 499 506 510 579 679 697 699
103 | 34 117 150 195 198 199 200 209 211 221 222 260 261 262 263 265 283 289 290 292 297 312 331 333 337 346 350 359 363 382 387 391 392 407 412 414 418 424 429 437 446 449 452 453 454 455 472 479 482 492 493 495 496 499 506 510 579 697 699
104 | 12 34 35 37 72 84 90 98 109 112 115 117 119 121 128 136 140 148 150 160 223 224 225 229 234 242 243 250 265 267 271 273 275 276 280 283 287 289 290 291 292 297 305 307 312 329 331 333 337 346 348 359 361 382 390 391 400 407 412 414 418 437 446 493 504 506 508 509 513 514 517 520 531 579 604 614 697 706
105 | 12 34 35 37 53 72 84 87 90 98 109 115 117 119 128 136 140 148 150 160 175 176 223 224 225 229 234 242 243 250 262 263 265 267 273 275 276 280 283 289 290 291 292 297 305 307 312 329 331 333 337 346 359 382 391 407 412 414 418 437 446 493 503 504 506 508 509 513 514 517 520 531 579 604 614 697 706
106 | 26 34 35 37 84 85 87 88 90 98 103 109 111 115 117 119 120 137 150 157 223 229 234 265 267 273 276 280 283 289 290 291 292 296 297 299 306 312 331 333 337 346 359 372 380 382 391 407 412 414 425 430 437 446 493 494 503 504 508 556 579 697 706
107 | 34 37 72 84 85 87 90 98 99 103 109 111 115 117 119 120 140 150 223 229 234 245 265 267 273 276 280 283 289 290 291 292 296 297 299 306 312 331 333 337 346 359 372 380 382 391 407 412 414 425 437 446 493 494 503 504 508 556 579 697 706
108 | 34 35 37 58 65 69 72 76 84 90 91 98 109 115 119 128 136 140 148 150 175 185 195 223 225 229 234 236 242 243 245 250 262 263 265 267 273 276 280 283 289 290 291 292 297 298 301 312 322 331 333 337 346 348 359 382 391 392 407 412 414 418 424 425 437 446 449 455 468 493 504 508 510 513 517 537 538 539 548 553 556 579 604 614 696 697 706
109 | 25 32 34 49 50 65 69 76 128 136 148 150 151 175 185 186 187 189 260 261 275 289 292 297 312 331 333 337 339 346 359 363 382 389 391 400 407 411 412 414 415 429 433 437 446 447 460 464 493 510 527 556 579 606 614 697 699 710
110 | 25 32 34 49 50 65 69 76 128 136 148 150 151 175 189 234 260 261 262 263 275 289 292 297 312 331 333 337 346 359 363 382 389 391 407 412 414 429 433 437 446 493 527 556 579 606 614 697 699 710
111 | 1 24 32 34 54 56 65 69 75 76 88 109 115 118 128 136 142 148 150 185 189 223 224 225 226 229 234 236 242 243 248 250 265 271 273 275 276 283 285 289 290 292 297 312 329 331 333 337 346 359 382 391 397 407 412 414 418 430 437 446 473 493 503 504 506 508 509 510 512 513 514 517 529 539 556 579 583 604 612 614 694 697
112 | 1 12 32 34 37 53 56 58 65 69 72 76 84 87 88 90 98 109 115 119 128 136 140 148 150 176 189 223 224 225 226 229 234 242 243 245 249 250 262 263 265 267 273 275 276 280 283 285 289 290 292 297 301 312 329 331 333 337 346 350 359 382 391 397 407 412 414 418 430 437 446 493 503 504 506 508 509 510 512 513 514 517 538 539 553 556 579 583 604 612 614 697 706
113 | 37 47 65 69 70 72 76 78 83 84 90 98 99 109 115 119 128 136 140 148 150 175 195 211 212 223 228 229 234 242 243 245 250 257 262 263 264 265 267 272 273 276 280 283 289 290 291 292 296 297 305 312 329 331 333 335 336 337 346 359 361 363 371 372 380 382 391 392 394 398 407 409 412 414 424 425 437 446 449 452 455 470 472 482 493 495 504 508 510 513 514 517 548 556 579 604 614 654 697 706
114 | 18 34 35 76 109 150 191 195 198 199 200 207 209 211 217 221 222 262 263 265 276 289 290 292 297 301 312 322 329 330 331 333 335 337 346 359 363 382 386 387 389 391 392 407 412 414 418 429 437 446 462 468 489 492 493 506 579 697 699
115 | 12 26 34 37 53 65 69 72 76 84 87 90 91 98 99 101 109 115 117 119 128 136 140 148 150 160 175 176 189 195 223 225 229 234 242 243 245 249 250 257 262 263 265 267 273 275 276 280 283 285 289 290 291 292 295 296 297 301 306 312 329 331 333 337 341 346 358 359 364 366 372 382 391 397 398 407 412 414 424 425 437 446 493 504 508 513 517 538 539 548 553 556 579 604 614 697 706
116 | 5 53 56 59 61 62 157 242 243 246 250 257 265 281 289 290 292 297 299 312 330 331 333 337 346 358 359 382 391 407 410 412 414 434 437 446 493 519 537 538 541 542 543 545 547 548 553 556 579 583 604 612 697
117 | 5 53 56 61 157 242 243 250 257 262 263 265 289 290 292 297 299 312 331 333 337 346 359 382 391 407 412 414 437 446 493 519 538 541 542 543 545 547 548 553 556 579 583 604 612 697
118 | 1 5 12 35 157 226 230 234 237 242 243 250 257 258 265 271 276 289 292 297 299 312 331 333 337 346 359 382 391 407 412 414 430 437 446 460 493 536 538 539 541 542 543 548 553 556 579 604 697
119 | 1 5 12 35 157 226 234 242 243 250 257 262 263 265 276 289 292 297 299 312 331 333 337 346 359 382 391 407 412 414 430 437 446 493 538 539 541 542 543 548 553 556 579 604 697
120 | 5 61 65 69 83 242 243 250 257 265 289 292 297 299 312 331 333 337 359 363 382 389 391 392 394 407 412 414 437 446 452 472 482 484 492 493 510 519 527 538 541 542 543 545 548 553 556 579 604 654 697
121 | 5 61 65 69 83 211 242 243 249 250 257 262 263 265 289 292 297 299 312 331 333 337 359 363 382 389 391 392 394 407 412 414 437 446 449 452 454 472 482 484 492 493 495 496 498 499 500 510 519 527 538 541 542 543 545 548 553 556 579 604 654 697
122 | 5 22 32 34 37 45 47 49 50 65 69 72 76 78 83 84 87 90 98 99 106 115 119 140 150 160 175 184 195 198 211 234 245 250 262 263 265 267 276 280 289 290 292 296 297 306 312 331 333 337 346 347 359 363 372 380 382 391 392 394 398 407 412 414 420 437 446 449 450 452 454 455 470 479 482 484 485 488 492 493 494 495 496 498 499 500 531 556 579 654 697 699 706
123 | 3 4 6 8 9 10 12 27 34 35 98 109 111 115 118 122 150 160 166 169 172 173 177 262 263 265 281 289 290 292 297 299 301 307 312 331 333 337 346 347 359 361 382 386 391 398 407 412 414 418 437 446 482 493 521 556 579 697 708
124 | 5 32 34 37 45 49 50 84 87 90 98 99 115 119 175 198 211 234 242 243 245 249 250 251 257 262 263 265 267 272 276 280 289 290 292 296 297 305 306 312 331 333 337 346 359 363 371 372 380 382 391 392 394 407 412 414 424 437 446 449 452 454 455 470 482 484 485 492 493 494 495 496 498 499 548 556 579 604 697 706
125 | 5 34 37 60 65 69 70 72 73 76 77 78 80 82 83 84 87 90 98 103 109 115 117 119 140 234 245 262 263 265 267 273 276 280 283 289 290 292 296 297 299 312 331 333 337 346 359 363 372 382 391 407 412 414 437 446 452 482 493 517 556 579 580 697 706
126 | 34 37 60 72 84 87 90 98 103 109 115 117 119 126 128 129 132 136 140 145 148 150 151 234 262 263 265 267 273 276 280 283 289 290 292 296 297 312 331 333 337 346 359 372 382 391 407 412 414 437 446 452 493 517 579 614 697 706
127 | 4 8 10 12 20 29 34 35 37 84 86 87 88 98 109 119 120 150 223 225 229 262 263 265 273 276 283 289 290 292 297 301 307 310 312 314 322 324 330 331 333 337 346 359 378 382 391 407 412 414 418 437 446 493 503 504 508 509 514 531 556 579 697
128 | 32 53 65 69 70 76 109 128 136 148 150 189 195 223 229 242 243 250 262 263 265 273 275 276 283 289 290 291 292 297 312 329 331 333 337 346 359 372 382 391 407 412 414 425 437 446 455 493 494 503 504 508 513 517 520 538 548 553 556 579 604 614 697
129 | 157 730 731
130 | 25 32 49 50 53 56 58 61 65 69 83 109 128 136 148 157 189 223 229 242 243 249 250 257 262 263 265 275 276 283 289 292 297 312 331 333 337 346 359 382 391 397 407 412 414 437 446 493 503 513 517 520 538 539 541 542 543 545 548 553 556 579 583 604 606 612 614 697
131 | 1 5 53 56 63 65 69 76 109 185 226 229 235 242 243 249 250 251 257 262 263 265 272 276 283 289 290 292 297 305 312 331 333 334 337 346 350 359 366 371 382 391 396 397 398 407 412 414 421 437 446 449 450 452 455 493 506 517 520 538 539 541 543 545 548 553 556 579 583 604 612 646 697
133 | 41 121 150 175 185 225 234 264 265 272 276 289 290 291 292 296 297 299 305 312 330 331 333 335 337 346 347 352 353 359 361 371 372 382 391 407 412 414 421 424 425 426 437 446 459 465 493 517 556 579 697 730
134 | 5 109 150 175 225 234 242 243 250 257 262 263 264 265 272 276 283 289 290 291 292 296 297 305 312 331 333 337 346 347 359 371 372 382 391 397 407 412 414 424 425 437 446 493 517 538 539 541 542 543 545 548 553 556 579 604 697 730
135 | 5 65 69 70 73 76 78 82 83 109 150 175 225 234 262 263 264 265 272 276 283 289 290 291 292 296 297 299 305 312 331 333 337 346 347 359 363 371 372 382 391 397 407 412 414 424 425 437 446 482 493 517 556 579 580 697 730
136 | 88 109 126 128 129 132 136 145 148 150 151 175 225 234 262 263 264 265 272 276 283 289 290 291 292 296 297 299 305 312 331 333 337 346 347 359 371 372 382 391 397 407 412 414 424 425 437 446 493 517 556 579 614 697 730
137 | 5 22 34 65 67 69 76 77 78 82 83 150 160 175 195 242 243 250 262 263 264 265 289 292 297 299 312 331 333 337 359 363 382 389 391 392 394 407 412 414 437 446 449 452 454 455 472 484 493 498 499 500 517 556 579 604 697
138 | 34 35 109 224 234 239 242 243 246 250 257 258 265 276 282 289 290 292 297 312 322 327 331 333 337 342 346 359 382 391 395 407 412 413 414 437 446 447 493 504 506 508 509 510 512 513 514 527 531 537 538 541 542 543 545 546 548 553 556 579 604 697
139 | 34 35 109 119 224 234 239 242 243 250 257 262 263 265 273 276 289 290 292 297 312 322 331 333 337 346 359 382 391 407 412 414 437 446 493 503 504 506 508 509 510 512 513 514 527 531 538 541 542 543 545 548 553 556 579 604 697
140 | 34 35 43 109 160 184 200 224 225 230 242 243 246 250 257 265 274 276 289 292 297 312 317 330 331 333 337 346 359 366 382 391 400 407 412 414 437 446 493 504 506 508 509 510 512 513 514 531 538 542 543 545 546 548 553 556 579 604 697
141 | 4 12 34 35 43 88 98 109 117 119 160 200 224 225 234 242 243 250 257 262 263 265 267 273 276 289 290 292 297 301 312 331 333 337 346 359 382 387 391 407 412 414 418 437 446 493 503 504 506 508 509 510 512 513 514 531 538 539 541 542 543 545 548 553 556 579 604 697
142 | 31 32 33 34 43 49 50 56 57 59 61 109 128 132 136 148 150 152 156 160 163 166 169 172 173 177 185 223 224 229 262 263 265 283 289 290 292 297 312 331 333 337 346 359 366 382 391 397 407 412 414 423 437 446 493 503 504 506 508 509 512 513 514 515 517 520 521 539 556 579 583 612 614 697 708
143 | 33 37 53 65 69 70 72 76 84 87 88 90 98 109 115 119 128 136 140 148 150 175 182 185 195 199 223 229 234 235 242 243 245 250 261 262 263 264 265 267 272 273 276 280 283 289 290 291 292 296 297 312 331 333 335 337 344 346 350 353 359 380 382 391 394 407 412 414 423 425 427 437 446 452 455 493 504 508 509 510 513 520 538 548 553 556 579 604 614 696 697 706
144 | 5 6 61 109 150 152 154 156 160 162 163 166 169 172 173 177 234 242 243 249 250 251 257 262 263 265 289 292 297 299 312 331 333 337 359 382 391 397 407 412 414 437 446 453 492 493 506 513 521 548 556 579 604 697 708
145 | 5 6 61 65 67 69 70 73 76 78 83 109 132 150 152 156 160 162 163 166 169 172 173 177 234 262 263 265 289 292 297 299 312 331 333 337 347 359 363 382 391 397 407 412 414 437 446 453 482 493 506 513 521 556 579 580 697 708
146 | 6 61 109 126 128 132 136 145 148 150 151 152 154 156 160 162 163 166 169 172 173 177 195 234 262 263 265 289 292 297 299 312 331 333 337 359 382 386 391 397 398 407 412 414 437 446 453 493 506 513 521 556 579 614 697 708
147 | 52 53 54 56 58 59 61 63 65 69 76 83 128 136 148 150 242 243 250 257 258 259 263 265 276 278 289 290 292 297 299 312 322 331 333 337 346 359 382 391 398 407 412 413 414 437 446 482 493 517 538 539 543 548 550 553 556 579 583 604 612 614 697
148 | 52 53 56 58 61 65 69 76 83 128 136 148 150 242 243 250 257 263 265 276 278 289 290 292 297 299 312 322 331 333 337 346 359 382 391 398 407 412 414 437 446 482 493 517 538 539 543 548 553 556 579 583 604 612 614 697
149 | 12 37 43 52 53 56 57 58 61 65 69 72 76 83 84 87 88 90 98 109 128 132 136 140 148 150 154 156 160 163 166 169 172 173 177 223 229 234 242 243 245 250 257 262 263 265 276 278 283 289 290 292 297 299 301 312 322 331 333 337 346 359 382 391 397 398 407 412 414 437 446 482 493 503 504 508 513 517 520 521 538 539 541 543 548 553 556 579 583 604 612 614 697 706 708
150 | 5 22 25 37 40 47 49 50 65 67 69 72 76 78 80 83 84 87 90 93 98 99 103 109 115 117 119 120 128 136 140 148 150 151 154 160 175 195 198 211 223 229 234 242 243 245 249 250 257 261 262 263 265 267 273 276 280 283 289 290 292 297 299 312 331 333 337 359 363 380 382 391 392 394 398 407 412 414 430 437 446 449 452 454 455 470 472 482 484 485 492 493 494 495 496 498 499 500 503 504 508 513 517 539 541 548 556 579 604 606 614 697 706
151 | 4 5 6 8 9 10 12 20 22 25 26 30 32 34 35 37 40 43 45 46 47 49 50 53 56 57 58 60 61 65 67 69 70 72 73 76 77 78 82 83 84 87 88 90 93 98 99 103 109 111 115 117 119 120 126 128 132 136 140 145 148 150 151 152 156 157 160 162 163 165 166 169 172 173 175 176 177 183 189 195 198 199 200 209 211 221 222 223 224 225 226 229 234 239 242 243 245 249 250 251 257 260 261 262 263 264 265 267 272 273 275 276 280 283 289 290 291 292 296 297 299 301 305 306 307 312 322 329 331 333 337 340 344 346 347 350 359 363 371 372 380 382 387 389 391 392 394 397 398 407 409 412 414 418 425 427 428 429 430 433 437 443 446 449 452 454 455 467 470 472 479 482 484 485 492 493 494 495 496 498 499 500 503 504 506 508 509 510 512 513 514 517 519 520 521 527 531 538 539 541 542 543 545 548 553 556 579 580 582 583 604 606 612 614 634 654 697 699 706 707 708 709 710
152 | 12 115 150 191 195 198 199 200 206 208 209 211 212 215 216 217 221 222 234 265 276 289 290 292 297 301 305 312 330 331 333 337 342 346 359 363 382 387 391 396 398 407 412 414 418 437 446 476 482 484 492 493 506 517 579 627 654 679 697
153 | 12 109 115 150 195 198 199 200 206 209 211 221 222 234 265 276 283 289 290 292 297 301 305 312 331 333 337 346 359 363 382 387 391 398 407 412 414 418 437 446 482 484 492 493 506 517 579 654 697
154 | 12 53 58 109 115 150 190 195 198 199 200 206 209 211 221 222 223 229 234 262 263 265 273 276 283 289 290 292 297 301 305 312 331 333 337 346 359 363 382 387 391 398 407 412 414 418 437 446 470 482 484 492 493 506 517 579 654 697
155 | 70 112 118 126 128 129 132 136 141 144 145 148 150 151 160 225 234 265 268 276 285 289 290 292 296 297 299 301 310 312 320 331 333 337 346 359 366 373 382 387 391 407 412 414 437 446 453 493 510 579 614 697
156 | 12 70 84 98 109 126 128 129 132 136 144 145 148 150 151 160 225 234 265 276 283 285 289 290 292 296 297 299 301 312 331 333 337 346 359 382 387 391 397 407 412 414 437 446 453 493 510 579 614 697
157 | 12 37 70 72 84 87 90 98 109 115 117 119 124 126 128 129 132 136 140 144 145 148 150 151 160 176 195 223 225 229 234 262 263 265 267 273 276 280 283 285 289 290 292 296 297 299 301 312 331 333 337 346 359 382 387 391 397 407 412 414 437 446 453 493 504 508 510 527 579 614 697 706
158 | 24 37 41 42 43 57 63 84 88 90 98 115 117 119 160 176 189 225 234 237 242 243 245 250 257 265 267 268 275 276 280 289 290 292 297 301 312 331 333 337 346 350 359 382 391 407 412 414 418 437 446 493 504 506 508 517 525 536 538 539 541 542 543 548 549 550 553 556 558 579 604 697 706
159 | 12 37 43 57 84 88 90 98 109 115 117 119 160 176 189 225 234 242 243 245 250 257 265 267 275 276 280 283 289 290 292 297 301 312 331 333 337 346 350 359 382 391 397 407 412 414 418 437 446 493 504 506 508 517 538 539 541 542 543 548 549 553 556 579 604 697 706
160 | 12 37 43 53 56 57 58 84 87 88 90 98 109 115 117 119 160 176 189 223 225 229 234 242 243 245 249 250 257 262 263 265 267 273 275 276 280 283 289 290 292 297 301 312 331 333 337 346 350 359 382 391 397 407 412 414 418 437 446 493 504 506 508 517 534 538 539 541 542 543 548 549 553 556 579 583 604 612 697 706
161 | 6 12 26 33 34 35 37 43 69 72 76 78 84 90 98 118 136 140 150 175 176 195 211 225 234 243 245 264 265 272 275 276 289 290 291 292 293 296 297 299 301 305 312 331 333 335 337 340 345 346 347 352 353 359 364 372 382 391 407 412 414 425 437 446 493 498 510 517 538 539 548 553 556 579 697 706
162 | 6 12 26 34 35 37 43 65 69 72 76 78 84 87 90 98 109 136 140 150 175 176 195 211 225 234 242 243 245 262 263 264 265 272 275 276 283 289 290 291 292 296 297 299 301 305 312 331 333 337 340 346 347 359 372 382 391 407 412 414 425 437 446 493 498 510 517 538 539 548 553 556 579 604 697 706
163 | 9 29 34 61 132 150 152 156 160 162 164 166 169 170 171 172 173 175 177 183 234 265 272 275 289 292 297 299 305 312 331 333 337 346 359 382 391 392 394 407 412 413 414 423 425 437 446 449 452 453 455 466 479 484 492 493 521 556 579 697 708
164 | 9 34 61 132 150 152 156 160 162 166 169 172 173 175 177 183 234 262 263 265 272 275 289 292 297 299 305 312 331 333 337 346 359 382 391 392 394 407 412 414 425 437 446 449 452 453 455 479 484 492 493 521 556 579 697 708
165 | 3 6 8 9 10 20 34 35 37 72 84 90 98 99 115 150 160 165 166 172 173 177 195 200 225 245 265 275 280 288 289 290 292 297 299 312 327 331 333 337 346 347 359 360 363 382 391 398 400 407 412 414 418 437 446 460 482 492 493 510 579 697 699 706 708
166 | 6 8 9 10 20 34 35 37 72 84 87 90 98 99 109 115 150 160 165 166 172 173 177 195 200 225 234 245 262 263 265 275 280 283 289 290 292 297 299 312 331 333 337 346 347 359 363 382 391 398 407 412 414 418 437 446 482 492 493 579 697 699 706 708
167 | 1 4 5 8 10 11 18 20 22 26 27 33 34 43 77 150 157 183 195 200 225 265 276 289 292 297 312 331 333 337 338 346 347 358 359 363 382 391 407 412 414 429 430 433 437 446 447 452 460 493 579 697 699 710
168 | 1 4 5 8 10 20 22 26 34 43 77 150 157 183 195 200 225 262 263 265 276 289 292 297 312 331 333 337 346 347 359 363 382 391 407 412 414 429 430 433 437 446 452 493 579 697 699 710
169 | 4 6 25 32 34 45 47 49 50 61 132 150 152 156 160 162 165 166 169 172 173 175 177 200 262 263 265 275 289 292 297 299 312 331 333 337 340 346 359 382 391 407 412 414 429 433 437 446 455 479 493 521 556 579 606 697 708 710
170 | 5 26 65 69 70 73 76 78 80 83 157 242 243 250 257 259 265 289 292 297 312 330 331 333 337 346 359 363 371 382 391 400 407 412 414 437 446 460 466 468 493 538 541 542 543 545 548 553 556 557 579 580 604 654 697
171 | 5 26 65 69 70 73 76 78 80 83 157 242 243 250 257 262 263 265 289 292 297 312 331 333 337 346 359 363 371 382 391 407 412 414 437 446 493 538 539 541 542 543 545 548 553 556 579 580 604 654 697
172 | 5 37 45 65 69 70 72 73 76 77 78 81 82 83 115 118 119 211 234 265 267 275 276 280 289 290 292 296 297 299 305 306 312 323 327 330 331 333 336 337 346 349 359 360 361 363 372 377 382 391 407 412 414 421 424 437 446 482 493 510 517 556 579 580 683 697
173 | 5 37 41 76 83 115 119 128 136 148 150 175 195 211 212 225 234 250 264 265 267 272 275 276 280 289 290 292 296 297 305 312 329 331 333 336 337 344 346 348 359 363 372 380 382 391 392 394 398 407 409 410 412 414 421 424 425 437 446 449 452 454 455 465 468 472 476 482 484 492 493 494 496 498 500 510 517 548 556 579 614 680 697
174 | 29 37 38 41 70 76 83 115 119 128 136 148 150 157 175 195 211 225 234 250 264 265 267 272 275 276 280 289 290 292 296 297 305 312 329 331 333 336 337 346 352 359 363 371 372 382 389 390 391 392 394 398 407 412 414 424 425 437 446 449 452 472 476 482 484 492 493 494 510 548 556 579 614 680 697
175 | 5 37 45 76 83 109 115 119 128 136 148 150 168 171 175 195 211 234 264 265 267 272 275 276 280 289 290 292 296 297 299 305 312 329 331 333 336 337 344 346 347 359 363 366 371 377 380 382 386 391 392 398 407 409 412 414 424 425 437 446 449 450 452 453 454 455 465 482 484 491 492 493 496 498 506 510 548 556 579 582 614 654 697
176 | 5 9 37 45 76 83 84 98 99 109 115 119 128 132 136 148 150 156 160 166 169 172 173 175 177 195 211 234 262 263 264 265 267 272 276 280 289 290 291 292 296 297 299 305 312 329 331 333 337 344 346 347 359 363 371 380 382 386 391 392 398 407 409 412 414 424 425 437 446 449 452 453 454 455 482 484 492 493 496 498 506 510 521 548 556 579 582 614 654 697 708
177 | 5 6 9 26 29 34 61 83 132 150 152 158 160 162 166 170 172 173 175 177 183 195 200 211 258 265 289 292 297 299 310 312 331 333 337 346 347 359 363 382 389 391 392 396 403 407 412 414 424 437 446 449 452 454 455 459 467 470 482 484 485 492 493 495 496 498 499 521 556 579 654 697 708
178 | 5 6 9 22 26 34 61 83 132 150 152 156 160 162 166 169 172 173 175 177 183 195 200 211 262 263 265 289 292 297 299 312 331 333 337 346 347 359 363 382 389 391 392 407 412 414 424 437 446 449 452 454 455 467 470 482 484 485 492 493 495 496 498 499 521 556 579 654 697 708
179 | 5 42 65 69 70 76 77 78 80 81 82 83 238 265 274 276 289 290 292 297 299 305 312 331 333 337 344 346 359 363 371 382 388 391 398 400 407 412 414 437 446 466 482 493 517 556 579 580 681 689 697 734
180 | 5 37 65 69 70 72 73 76 77 78 80 82 83 84 90 98 109 115 119 140 265 267 276 280 283 289 290 292 297 299 305 312 331 333 337 344 346 359 363 371 382 391 398 407 412 414 437 446 482 493 517 556 579 580 697 706
181 | 5 37 53 56 65 67 69 70 72 73 76 77 78 80 82 83 84 87 90 98 109 115 119 140 229 262 263 265 267 276 280 283 289 290 292 297 299 305 312 331 333 337 344 346 359 363 371 382 391 398 407 412 414 437 446 482 493 517 556 579 580 612 697 706
182 | 37 99 150 195 198 199 200 209 211 221 222 262 263 265 275 289 292 297 301 312 331 333 337 344 346 359 363 382 387 391 398 407 412 414 418 429 433 437 443 446 493 579 654 697 699
183 | 35 37 84 88 90 98 109 119 157 211 225 234 242 243 245 250 257 265 267 272 276 280 283 289 290 292 296 297 299 312 331 333 336 337 346 348 351 359 372 382 390 391 396 407 412 413 414 425 437 446 450 468 482 493 510 517 537 538 539 541 542 543 548 550 553 556 558 579 604 697 706
184 | 35 37 84 87 88 90 98 109 119 157 211 225 229 234 242 243 245 250 257 262 263 265 267 272 276 280 283 289 290 292 296 297 299 312 331 333 337 346 359 372 382 391 407 412 414 425 437 446 482 493 510 517 538 539 541 542 543 548 553 556 579 604 697 706
185 | 22 26 34 37 49 50 72 84 90 98 109 115 117 119 140 150 185 223 224 225 229 232 234 245 260 261 265 267 276 280 283 289 290 292 296 297 312 331 333 337 344 346 350 357 359 361 370 372 382 387 391 392 407 412 414 437 446 470 493 494 503 504 508 509 510 512 513 514 579 697 706
186 | 32 34 37 84 87 90 98 109 115 119 157 223 225 229 234 242 243 245 250 257 262 263 265 267 272 276 280 283 289 290 292 297 305 312 329 331 333 337 346 359 372 380 382 391 407 412 414 437 446 452 479 493 538 541 542 543 548 553 556 579 604 697 706
187 | 6 9 150 157 160 165 195 198 199 200 209 211 212 213 221 222 265 289 290 292 297 312 331 333 337 346 359 360 361 363 372 382 391 392 407 412 414 418 437 446 462 468 492 493 579 654 679 697 699
188 | 6 9 150 157 160 165 195 198 199 200 209 211 221 222 265 289 290 292 297 312 331 333 337 346 359 363 372 382 391 392 407 412 414 418 437 446 492 493 579 654 697 699
189 | 6 9 150 157 160 165 195 198 199 200 209 211 221 222 262 263 265 289 290 292 297 312 331 333 337 346 359 363 372 382 391 392 407 412 414 418 437 446 492 493 579 654 697 699
190 | 6 12 22 32 33 34 35 36 37 43 45 47 48 49 65 69 72 76 83 84 90 98 103 104 109 115 117 119 122 140 150 157 160 165 175 176 189 195 199 211 225 234 245 264 265 267 275 276 280 282 283 289 290 291 292 296 297 299 301 306 312 323 331 333 337 346 347 359 380 382 391 400 407 412 414 425 427 437 446 449 466 493 494 517 548 556 579 697 706
191 | 150 185 195 198 199 200 209 211 215 216 217 221 222 224 265 275 289 292 297 301 304 312 327 329 331 333 335 337 344 346 359 360 361 363 372 382 386 387 391 398 407 412 414 417 418 429 437 446 482 493 579 679 697
192 | 150 195 198 199 200 209 211 221 222 224 262 263 265 275 289 292 297 301 312 329 331 333 337 344 346 359 363 372 382 386 387 391 398 407 412 414 418 429 437 446 482 493 579 697
193 | 5 6 8 9 13 20 29 33 34 118 150 160 166 169 172 173 175 177 195 200 265 275 289 290 292 297 299 312 314 331 333 337 346 359 363 382 391 407 412 414 423 437 446 449 452 479 493 506 521 579 697 708
194 | 90 109 112 115 185 223 224 225 229 234 237 242 243 245 250 257 265 276 289 290 292 297 312 331 333 337 339 344 346 359 360 363 382 391 393 398 407 411 412 414 415 428 429 437 438 446 474 493 506 510 513 517 538 539 541 542 543 548 553 556 579 604 689 697 699
195 | 34 37 84 87 90 98 109 115 119 223 224 225 229 234 242 243 245 250 257 262 263 265 267 276 280 283 289 290 292 297 312 331 333 337 344 346 359 363 382 391 398 407 412 414 428 429 437 446 493 503 504 506 508 510 513 517 538 539 541 542 543 548 553 556 579 604 697 699 706
196 | 5 67 150 175 211 225 234 262 263 264 265 272 276 289 290 291 292 296 297 299 301 305 312 331 333 337 346 347 359 363 371 372 382 386 391 392 407 412 414 424 425 437 446 449 452 454 455 470 482 484 485 492 493 495 496 498 499 517 556 579 654 697 730
197 | 22 25 26 30 32 47 49 50 150 175 189 225 234 262 263 264 265 272 276 289 290 291 292 296 297 299 301 305 312 331 333 337 346 347 359 363 371 372 382 391 392 407 412 414 424 425 437 446 449 452 493 500 517 556 579 582 606 697 707 730
198 | 22 25 26 29 30 31 32 34 40 42 46 47 49 50 61 83 132 150 152 153 156 158 160 162 164 166 169 170 171 172 173 175 177 183 184 189 234 250 265 275 289 291 292 297 299 312 331 333 337 346 359 382 390 391 392 400 407 412 414 423 437 446 449 452 470 491 493 521 556 579 606 697 708
199 | 5 12 22 37 45 46 58 83 84 87 90 98 99 109 115 119 128 136 148 150 175 211 223 225 229 234 242 243 245 249 250 257 262 263 265 267 276 280 283 289 290 292 297 299 305 312 331 333 337 344 346 350 359 363 382 391 392 394 398 407 412 414 437 446 449 452 454 455 470 482 484 493 495 496 498 499 500 517 531 538 539 541 542 545 548 553 556 579 604 614 697 706
200 | 22 25 26 32 34 40 44 45 47 49 50 65 69 76 78 83 150 151 160 175 177 180 185 186 189 250 265 272 275 289 290 292 297 299 305 312 331 333 337 346 359 363 371 378 382 389 391 392 400 407 412 414 437 446 449 452 470 480 484 485 493 495 496 498 499 500 556 579 582 606 654 697 707
201 | 333
202 | 115 382 398
203 | 5 22 26 34 36 45 65 69 75 76 78 83 109 112 142 150 175 198 211 223 229 234 248 265 272 274 275 276 281 283 289 290 291 292 297 299 305 312 331 333 337 346 347 359 363 366 379 382 391 392 394 407 412 414 424 425 437 446 449 450 452 454 455 463 468 470 472 482 484 492 493 495 496 498 499 517 556 579 654 697
204 | 8 10 14 20 32 104 109 115 150 195 200 223 225 226 229 232 239 260 261 265 276 283 289 290 292 297 299 312 330 331 333 337 346 359 361 382 389 391 407 412 414 433 437 446 447 472 482 490 492 493 504 508 510 513 514 527 531 579 697
205 | 5 8 10 20 32 67 73 82 109 115 150 195 200 223 225 226 229 239 260 261 262 263 265 276 283 289 290 292 297 299 312 331 333 337 346 350 359 382 389 391 407 412 414 433 437 446 472 482 492 493 504 508 510 512 513 514 519 527 531 579 697
206 | 28 34 65 69 70 76 78 83 109 115 128 136 148 150 166 172 175 179 181 185 189 195 223 225 226 229 234 242 243 264 265 276 283 289 290 291 292 297 312 322 327 329 331 333 337 341 346 359 382 389 391 392 407 412 414 430 437 446 449 455 466 470 484 493 504 506 508 510 514 517 527 539 548 556 579 604 614 697
207 | 4 6 8 10 12 25 27 32 34 35 37 43 49 50 98 109 115 150 160 164 165 166 169 172 173 223 224 225 229 232 265 273 281 283 289 290 292 297 299 301 307 312 314 331 333 337 346 347 359 382 391 407 412 414 418 429 430 431 433 436 437 446 466 490 493 503 504 508 512 513 514 517 521 525 539 556 579 606 697 708
208 | 25 32 49 50 56 58 61 82 109 150 223 224 225 229 234 260 261 262 263 265 273 276 283 289 290 292 297 301 312 322 331 333 337 346 350 359 382 387 391 392 397 407 412 414 437 446 493 503 504 506 508 509 510 512 513 514 517 519 520 527 539 579 583 606 612 697
209 | 24 29 30 32 34 37 41 49 50 65 69 70 72 75 76 83 84 86 88 90 98 109 115 117 119 120 126 128 136 140 142 148 150 175 195 223 225 229 234 245 248 264 265 267 272 276 280 283 289 290 291 292 296 297 298 312 331 333 336 337 340 346 359 371 380 382 391 397 407 412 414 425 429 437 446 492 493 548 556 579 582 614 654 697 706
210 | 30 32 34 37 49 50 53 65 69 70 72 76 83 84 87 88 90 98 109 115 117 119 120 126 128 136 140 148 150 175 195 223 225 229 234 245 262 263 264 265 267 272 273 276 280 283 289 290 291 292 296 297 312 331 333 337 340 346 359 371 380 382 391 397 407 412 414 425 429 437 446 492 493 503 504 508 517 548 556 579 582 614 654 697 706
211 | 5 32 49 76 83 157 175 181 234 239 242 243 250 257 258 260 261 265 289 290 292 297 299 312 330 331 333 337 346 359 382 389 391 407 412 413 414 428 429 430 433 437 438 446 493 510 527 538 539 541 542 543 545 546 548 550 553 556 579 604 697 710
212 | 4 6 8 9 10 12 34 35 37 88 98 109 111 115 150 160 165 166 169 172 173 177 262 263 265 283 289 290 292 297 299 301 307 312 331 333 337 346 347 359 382 386 391 398 407 412 414 418 433 437 446 482 493 513 519 520 521 531 556 579 697 708
213 | 8 10 20 35 109 116 150 223 224 225 229 232 234 265 276 283 289 290 292 297 312 322 331 333 337 343 344 346 359 363 372 382 391 398 407 412 414 417 428 429 433 437 443 446 493 503 504 506 508 509 510 511 512 513 514 527 579 697 699
214 | 1 8 10 12 33 34 35 37 84 87 98 104 109 111 115 117 119 120 150 160 176 209 223 225 229 262 263 265 276 283 289 290 291 292 297 301 307 312 327 330 331 333 337 346 359 370 372 382 391 407 412 414 418 425 433 437 446 493 503 504 508 509 511 531 556 579 697
215 | 4 12 22 25 28 30 32 33 34 35 37 38 40 43 47 49 50 84 90 98 103 109 115 117 150 160 175 176 189 225 234 242 243 244 245 249 250 252 257 265 283 285 289 290 291 292 297 299 301 306 307 312 313 314 331 333 337 345 346 359 366 382 391 392 407 412 414 418 430 437 446 449 470 492 493 517 538 553 556 579 582 604 606 697 706
216 | 12 24 27 32 34 37 41 43 49 50 72 84 86 88 89 90 98 109 115 119 120 140 150 160 176 199 223 225 229 234 245 264 265 267 272 274 276 280 283 287 289 290 291 292 296 297 299 301 312 331 333 337 346 348 359 380 382 391 397 407 412 414 418 425 426 427 437 446 493 504 508 510 525 556 579 641 697 706
217 | 12 32 34 37 43 49 50 72 84 87 88 90 98 109 115 117 119 120 140 150 160 176 199 223 225 229 234 245 249 262 263 264 265 267 272 273 275 276 280 283 289 290 291 292 296 297 299 301 312 331 333 337 346 359 380 382 391 397 407 412 414 418 425 427 437 446 493 503 504 508 509 510 556 579 697 706
218 | 44 109 126 128 132 133 136 145 148 150 151 185 224 234 261 265 276 289 292 297 312 331 333 337 339 344 346 359 382 387 389 391 407 408 411 412 414 415 437 441 446 474 482 492 493 504 506 508 510 531 579 614 697 699
219 | 109 126 128 132 136 145 148 150 151 195 223 224 229 234 260 261 262 263 265 276 283 289 292 297 312 331 333 337 344 346 359 382 387 389 391 407 412 414 437 446 482 492 493 503 504 506 508 509 510 512 513 514 527 531 579 614 697 699
220 | 28 88 109 185 223 224 225 229 230 234 235 242 243 244 249 250 255 257 265 274 276 283 289 290 292 297 312 329 331 333 337 346 359 382 391 397 407 412 414 437 446 482 492 493 504 506 508 513 514 556 579 604 646 697
221 | 88 109 223 224 225 229 234 242 243 249 250 257 262 263 265 276 283 289 290 292 297 312 329 331 333 337 346 359 382 391 397 407 412 414 437 446 482 492 493 503 504 506 508 513 514 556 579 604 697
222 | 26 109 150 175 184 185 216 223 224 225 229 234 242 243 250 255 257 259 260 261 265 276 283 289 290 292 297 312 327 329 331 333 337 346 351 359 382 387 391 398 400 407 412 414 437 446 452 468 469 470 482 484 492 493 501 503 504 506 508 510 512 513 514 531 538 542 545 548 553 555 556 579 604 697
223 | 5 20 34 78 83 128 136 148 150 157 199 209 230 234 242 243 246 250 258 263 265 289 292 297 299 312 330 331 333 337 346 359 362 382 391 400 407 412 413 414 427 437 438 446 452 493 509 511 535 538 541 542 543 545 547 548 553 556 579 604 614 697
224 | 5 20 32 34 78 83 119 128 136 148 150 157 198 199 209 234 242 243 250 262 263 265 289 292 297 299 312 322 331 333 337 346 359 382 391 407 412 414 427 428 429 437 446 452 493 509 519 538 541 542 543 545 547 548 553 556 579 604 614 697
225 | 5 34 37 84 98 115 119 152 156 157 160 162 169 186 199 234 239 242 243 245 246 249 250 251 252 254 257 265 267 276 280 289 290 292 297 299 306 310 312 317 331 333 337 346 349 359 382 391 394 407 410 412 414 427 437 446 450 493 510 548 556 579 604 646 697 706 731
226 | 5 20 61 157 160 165 169 173 199 209 223 229 234 237 242 243 250 257 258 262 263 265 276 282 289 290 292 297 299 312 331 333 337 346 359 372 382 391 407 410 412 414 427 437 446 463 468 493 504 508 515 520 536 538 539 541 542 543 545 548 553 556 558 579 604 697 708
227 | 4 12 25 31 32 33 34 49 50 61 109 115 150 152 153 156 158 160 162 163 166 169 172 173 177 185 234 239 250 265 289 292 297 299 301 312 331 333 337 346 359 361 363 382 391 397 407 412 414 418 423 437 446 474 493 504 508 513 514 519 520 521 531 579 606 697 708
228 | 22 25 26 30 32 33 34 36 38 40 45 47 49 50 75 109 115 118 126 128 132 136 142 145 147 148 150 151 175 186 189 195 234 265 272 275 276 289 290 291 292 297 299 312 314 316 331 333 337 340 346 359 382 391 397 407 412 414 429 437 446 449 493 494 517 579 606 614 697
229 | 22 25 26 30 32 34 40 45 47 49 50 109 115 126 128 132 136 145 148 150 151 175 189 195 234 262 263 265 272 275 276 283 289 290 291 292 297 299 312 331 333 337 340 346 359 382 391 397 407 412 414 429 437 446 449 493 494 517 579 582 606 614 697
230 | 5 46 52 53 56 61 157 242 243 250 257 262 263 265 276 289 290 292 297 299 312 331 333 337 346 359 382 391 407 412 414 437 446 493 519 520 534 538 541 542 543 545 547 548 553 556 579 583 604 612 697
231 | 35 88 109 115 150 199 223 224 229 234 235 252 264 265 272 276 283 289 290 292 297 305 312 329 331 333 337 346 359 364 382 391 397 407 412 414 427 437 446 493 501 504 506 508 510 513 514 517 528 579 641 697
232 | 35 88 109 115 150 157 199 223 224 229 234 262 263 264 265 272 276 283 289 290 292 297 305 312 329 331 333 337 346 350 359 382 391 397 407 412 414 427 430 437 446 493 503 504 506 508 510 512 513 514 517 527 531 579 697
233 | 5 22 34 65 67 69 76 77 78 82 83 150 160 175 195 242 243 250 262 263 264 265 289 292 297 299 312 331 333 337 359 363 382 389 391 392 394 407 412 414 437 446 449 452 454 455 472 484 493 498 499 500 517 556 579 604 697
234 | 1 5 26 28 34 65 69 70 76 78 83 112 150 157 175 189 195 198 223 229 234 237 262 264 265 268 275 276 289 290 291 292 297 299 312 316 331 333 337 346 358 359 363 378 382 391 392 397 407 412 414 425 437 446 449 452 453 454 455 470 472 479 482 485 492 493 494 495 499 517 556 579 697
235 | 119
236 | 33 34 85 98 103 108 109 111 115 117 119 120 150 223 229 234 265 267 275 276 283 289 290 291 292 296 297 299 306 312 314 317 331 333 337 346 359 361 372 382 383 391 407 412 414 425 437 446 493 494 504 526 556 579 697
237 | 26 34 61 85 98 103 109 111 115 117 119 120 150 160 223 225 229 234 265 267 276 283 289 290 291 292 296 297 299 306 312 329 331 333 337 346 359 372 382 391 407 412 414 425 437 446 493 494 503 504 510 513 527 556 579 697
238 | 5 32 34 37 45 90 106 115 119 175 211 234 242 243 245 249 250 251 257 265 267 275 276 280 289 292 296 297 305 306 312 331 333 337 346 352 359 363 371 372 380 382 391 392 394 407 412 414 424 437 446 449 452 454 455 470 482 484 485 486 487 492 493 494 495 498 499 548 556 579 604 697
239 | 5 34 37 60 65 69 70 72 73 76 77 78 80 82 83 84 89 90 91 98 105 107 109 115 117 119 140 234 245 265 267 275 276 280 289 290 292 296 297 299 312 314 331 333 337 346 359 363 372 382 391 407 412 414 437 446 452 469 482 486 493 556 579 580 697 706
240 | 34 37 60 72 84 89 90 98 107 108 109 115 119 126 128 129 132 136 140 145 148 150 151 234 265 267 275 276 280 289 290 292 296 297 312 331 333 337 346 348 359 364 372 382 391 400 407 412 414 437 446 452 469 489 493 517 579 614 696 697 706
241 | 37 38 65 69 72 76 83 84 87 90 91 98 109 115 118 119 140 150 175 185 195 223 229 234 242 243 245 250 262 263 265 267 276 280 283 288 289 290 291 292 297 305 312 331 333 335 336 337 344 346 350 359 361 371 372 380 382 391 392 407 412 414 425 437 446 455 461 493 504 508 510 513 514 517 520 527 538 548 553 556 579 604 696 697 706
242 | 37 47 65 69 70 72 76 78 83 84 87 90 98 99 109 115 119 128 136 140 148 150 175 195 211 223 229 234 242 243 245 249 250 257 262 263 264 265 267 272 273 276 280 283 289 290 291 292 296 297 305 312 329 331 333 337 346 350 359 363 371 372 380 382 391 392 394 398 407 409 412 414 424 425 437 446 449 452 455 470 472 482 493 495 504 508 510 513 514 517 548 556 579 604 614 654 697 706
243 | 5 30 46 65 67 69 70 73 76 78 82 83 93 109 150 175 225 229 234 262 263 265 273 276 278 283 289 290 292 297 299 301 312 331 333 337 359 363 382 391 392 397 407 412 414 437 446 453 470 482 492 493 513 517 520 556 579 580 697
244 | 30 46 109 126 128 129 132 136 145 148 150 151 175 195 225 229 234 262 263 265 273 276 278 283 285 289 290 292 297 299 301 312 331 333 337 359 363 382 391 392 397 407 412 414 437 446 453 470 492 493 503 513 517 520 556 579 614 697
245 | 5 30 46 109 150 173 175 177 225 229 234 242 243 249 250 257 262 263 265 273 276 278 289 290 292 297 299 301 312 331 333 337 359 382 391 392 397 407 412 414 437 446 453 470 492 493 513 517 520 538 541 542 543 545 548 553 556 579 604 697 708
246 | 25 30 31 32 33 49 50 53 63 88 98 109 150 185 189 223 224 225 229 263 265 275 276 289 290 291 292 295 297 312 331 333 337 346 359 364 382 391 407 412 414 437 446 493 503 504 506 508 509 512 513 514 517 520 531 556 579 606 697 706
247 | 25 30 32 49 50 53 88 98 109 150 189 223 224 225 229 263 265 275 276 289 290 291 292 297 312 331 333 337 346 359 382 391 407 412 414 437 446 493 503 504 506 508 509 512 513 514 517 520 531 556 579 606 697 706
248 | 12 22 25 30 32 37 43 49 50 53 56 57 58 65 69 72 76 83 84 87 88 90 98 109 115 117 119 128 136 140 148 150 160 176 189 223 224 225 229 234 242 243 245 249 262 263 265 267 273 275 276 280 283 289 290 291 292 297 301 312 331 333 337 346 350 359 382 391 397 407 412 414 437 446 493 503 504 506 508 509 512 513 514 517 520 531 538 539 548 553 556 579 582 583 604 606 612 614 697 706
249 | 5 56 58 61 65 69 76 78 83 109 150 152 156 160 163 166 169 172 173 175 177 200 223 224 229 234 242 243 250 257 262 263 265 272 276 283 289 290 292 297 299 305 312 331 333 337 359 363 382 391 392 397 398 407 412 414 437 446 448 449 452 453 454 455 470 482 492 493 495 496 498 500 506 513 517 520 521 538 539 541 543 545 548 553 556 579 583 604 612 697 708
250 | 5 61 65 69 76 78 83 109 126 128 132 136 145 148 150 151 152 156 160 162 163 166 169 172 173 175 177 195 200 223 224 229 234 262 263 265 272 283 289 292 297 299 305 312 331 333 337 359 363 382 391 392 397 398 407 412 414 437 446 449 452 453 455 470 482 492 493 506 513 520 521 556 579 614 697 708 730
251 | 5 6 9 37 45 76 78 83 150 160 175 195 198 199 200 211 221 222 224 234 262 263 264 265 275 289 292 297 299 301 305 312 331 333 337 347 359 363 371 372 380 382 387 391 392 398 407 412 414 418 437 446 449 452 455 470 482 484 485 492 493 495 498 499 500 506 513 514 548 556 579 654 697 734
252 | 12 24 37 59 72 84 90 98 99 109 112 115 117 119 150 160 165 191 195 198 199 200 203 206 209 211 215 217 221 222 225 234 237 265 267 276 280 281 283 285 289 290 292 297 299 301 312 329 331 333 335 337 346 359 363 382 387 391 398 407 412 414 418 437 446 493 504 508 517 579 679 697 706
253 | 4 12 37 72 84 90 98 99 103 109 115 117 119 150 160 165 195 198 199 200 206 209 211 221 222 225 234 265 267 276 280 283 285 289 290 292 297 299 301 307 312 329 331 333 337 346 359 363 382 387 391 398 407 412 414 418 437 446 493 504 508 517 579 697 706
254 | 4 12 37 43 53 56 57 60 72 84 87 90 98 99 103 109 115 117 119 150 160 165 190 195 198 199 200 206 209 211 221 222 223 225 229 234 262 263 265 267 273 276 280 283 285 289 290 292 297 299 301 307 312 329 331 333 337 346 359 363 382 387 391 397 398 407 412 414 418 437 446 493 504 508 517 579 583 612 697 706
255 | 27 43 109 115 117 118 119 126 128 132 136 141 144 145 148 150 151 157 160 170 176 185 225 234 264 265 267 276 280 283 285 289 290 292 297 298 299 301 305 312 314 331 333 337 346 347 359 361 372 382 391 407 412 414 418 437 446 466 493 504 508 579 614 697
256 | 12 37 43 60 72 84 87 90 98 103 109 111 115 117 119 120 126 128 129 132 136 140 144 145 148 150 151 157 160 176 225 234 264 265 267 276 280 283 285 289 290 292 297 299 301 305 312 331 333 337 346 347 359 372 382 391 407 412 414 418 425 430 437 446 493 504 508 579 614 697 706
257 | 12 35 37 43 60 72 84 85 87 88 90 98 103 109 111 115 117 119 120 124 126 128 129 132 136 137 140 144 145 148 150 151 157 160 165 176 195 223 225 229 234 262 263 264 265 267 273 276 280 283 285 289 290 292 297 299 301 305 312 331 333 337 346 347 359 372 382 391 397 407 412 414 418 425 430 437 446 493 494 503 504 508 579 614 697 706
258 | 28 88 109 115 117 185 224 225 228 234 242 243 249 250 254 257 265 275 276 283 289 290 292 295 297 305 312 329 331 333 337 346 359 382 391 396 407 412 414 426 428 432 437 446 463 469 493 504 506 508 510 515 517 538 539 541 542 543 548 549 553 556 579 604 697
259 | 37 88 90 98 109 115 117 119 223 224 225 229 234 242 243 245 250 257 265 267 275 276 280 283 289 290 292 297 305 312 329 331 333 337 346 359 382 391 407 412 414 428 437 446 493 504 506 508 510 514 517 538 539 541 542 543 548 549 553 556 579 604 697 706
260 | 37 53 84 87 88 90 98 109 115 117 119 223 224 225 229 234 242 243 245 249 250 257 262 263 265 267 273 275 276 280 283 289 290 292 297 305 312 329 331 333 337 346 359 382 391 397 407 412 414 428 437 446 493 503 504 506 508 510 514 517 534 538 539 541 542 543 548 549 553 556 579 604 697 706
261 | 22 25 26 30 32 34 40 47 49 50 75 109 115 142 148 150 175 181 189 225 234 248 265 272 275 276 289 290 291 292 296 297 312 331 333 337 340 346 359 374 378 382 391 397 407 412 414 426 435 437 446 493 517 556 579 582 606 641 697
262 | 22 25 26 30 32 34 40 47 49 50 109 115 148 150 175 189 225 234 262 263 265 272 275 276 283 289 290 291 292 296 297 312 331 333 337 340 346 359 382 391 397 407 412 414 437 446 493 517 556 579 582 606 697
263 | 12 33 34 37 43 65 69 76 78 83 109 150 175 199 211 225 234 242 243 250 264 265 272 273 276 278 289 290 291 292 296 297 299 301 305 312 331 333 337 340 346 353 359 372 382 391 403 407 412 414 421 425 427 437 446 493 498 510 517 538 548 553 556 579 604 697
264 | 12 34 37 43 65 69 76 78 83 109 150 175 176 199 211 225 234 242 243 250 262 263 264 265 272 276 278 283 289 290 291 292 296 297 299 301 305 312 331 333 337 340 346 359 372 382 391 397 407 412 414 425 427 437 446 493 498 510 517 538 548 553 556 579 604 697
265 | 8 20 77 312
266 | 8 20 77 531
267 | 5 6 8 9 10 20 34 61 77 150 160 165 166 169 172 173 175 177 195 198 200 262 263 265 289 292 297 299 312 331 333 337 346 359 363 382 386 391 398 407 412 414 433 437 446 452 493 579 697 699 708
268 | 8 20 77 531
269 | 5 6 8 9 10 20 34 61 77 150 160 165 166 169 172 173 175 177 195 198 200 262 263 265 289 292 297 299 312 331 333 337 346 359 363 382 391 407 412 414 429 433 437 446 452 482 493 579 697 699 708 710
270 | 34 115 150 195 198 199 200 205 209 211 217 221 242 243 250 257 265 275 276 289 290 292 297 305 312 330 331 333 337 346 359 363 382 387 391 407 412 414 417 418 420 421 437 446 455 493 538 542 548 551 553 556 579 604 697
271 | 34 35 37 43 72 90 98 99 109 115 140 150 195 198 199 200 209 211 221 234 242 243 245 250 257 265 272 275 276 283 289 290 292 297 305 306 312 331 333 337 346 359 363 382 387 391 407 412 414 418 437 446 455 493 538 541 542 543 548 553 556 579 604 697 706
272 | 34 35 37 43 72 84 87 90 98 99 109 115 119 140 150 195 198 199 200 209 211 221 234 242 243 245 250 257 262 263 265 267 272 273 275 276 280 283 289 290 292 297 305 306 312 331 333 337 346 359 363 380 382 387 391 407 412 414 418 437 446 455 493 538 541 542 543 548 553 556 579 604 697 706
273 | 22 36 45 109 150 169 175 189 195 198 199 200 209 211 217 221 222 225 260 261 265 274 276 281 289 290 291 292 297 307 310 312 331 333 337 346 359 363 382 387 391 407 412 414 418 437 446 468 489 493 510 579 679 697 707
274 | 12 22 25 30 32 34 37 40 45 50 98 103 109 117 150 175 189 195 198 199 200 209 211 221 222 225 234 260 261 263 265 267 276 283 289 290 291 292 297 299 301 306 307 312 331 333 337 346 359 363 382 387 391 392 407 412 414 418 437 446 453 493 504 508 510 579 606 697 706 707
275 | 4 9 12 22 25 26 30 32 34 35 37 40 45 50 61 87 98 103 109 117 150 154 157 160 169 173 175 177 189 195 198 199 200 209 211 221 222 225 234 250 260 261 262 263 265 267 276 283 289 290 291 292 297 299 301 306 307 312 331 333 337 346 359 363 382 387 391 392 407 412 414 418 437 446 453 493 504 508 510 579 582 606 697 706 707 708
276 | 6 33 34 61 115 132 150 152 153 156 160 162 166 169 171 172 173 177 234 265 289 292 297 299 305 312 316 329 331 333 337 346 359 382 391 396 407 412 413 414 423 425 437 446 493 521 556 579 634 697 708
277 | 6 34 61 115 132 150 152 156 160 162 166 169 172 173 177 234 262 263 265 289 292 297 299 305 312 329 331 333 337 346 347 359 382 391 407 412 414 425 437 446 493 521 556 579 634 697 708
278 | 6 34 35 61 76 152 154 156 160 162 166 167 169 172 173 177 234 242 243 250 257 259 265 275 289 292 297 299 305 312 331 333 337 346 359 382 391 407 412 414 437 446 466 493 515 521 542 545 548 555 556 557 558 579 604 697 708
279 | 6 32 34 35 37 61 76 152 154 156 160 162 163 166 169 172 173 177 199 234 242 243 250 257 262 263 265 275 289 292 297 299 305 312 331 333 337 346 359 382 391 407 412 414 427 437 446 493 521 538 542 545 548 553 556 579 604 697 708
280 | 5 34 37 44 47 49 50 69 72 76 78 83 140 150 151 175 180 184 186 187 211 234 245 250 265 272 276 289 290 292 297 299 305 312 331 333 337 346 358 359 360 363 372 379 382 389 391 392 394 398 407 412 414 424 437 446 449 452 454 455 459 467 470 479 482 484 485 492 493 495 496 498 499 500 556 579 654 680 697
281 | 5 34 37 47 49 50 69 72 76 78 83 140 150 151 175 211 234 245 250 265 272 276 289 290 292 297 299 305 312 331 333 337 346 359 363 372 382 389 391 392 394 398 407 412 414 424 437 446 449 452 454 455 467 470 479 482 484 485 492 493 495 496 498 499 500 556 579 654 697
282 | 5 34 37 47 49 50 69 72 76 78 83 87 140 150 151 175 198 211 234 245 250 262 263 265 272 276 289 290 292 297 299 305 312 331 333 337 346 359 363 371 372 382 389 391 392 394 398 407 412 414 424 437 446 449 452 454 455 467 470 479 482 484 485 492 493 495 496 498 499 500 556 579 654 697
283 | 5 8 10 20 34 150 175 195 200 230 234 242 243 250 265 289 292 297 299 312 331 333 337 346 347 359 361 363 366 382 383 391 392 407 412 414 437 446 460 488 493 536 542 548 550 556 579 604 695 697 699
284 | 5 6 8 9 10 20 34 61 150 160 166 169 172 173 175 177 195 198 200 234 242 243 250 262 263 265 289 292 297 299 312 331 333 337 346 347 359 363 382 391 392 407 412 414 437 446 493 542 548 556 579 604 697 699 708
285 | 41 47 84 99 106 150 195 198 199 200 209 211 221 222 265 276 289 290 292 297 307 312 331 333 335 337 346 353 359 363 372 382 391 398 407 412 414 418 429 433 437 446 493 579 697
286 | 12 37 47 72 84 87 88 90 98 99 103 109 111 115 119 120 150 195 198 199 200 209 211 221 222 234 262 263 265 267 276 280 283 289 290 291 292 297 301 307 312 331 333 337 346 359 363 372 382 391 398 407 412 414 418 425 429 433 437 446 493 503 504 508 517 579 697 706
287 | 12 26 27 33 35 37 43 65 69 72 76 84 90 91 98 109 115 119 120 128 136 140 148 150 160 175 176 185 195 234 242 243 245 250 265 267 276 280 283 285 289 290 291 292 293 296 297 301 312 331 333 337 344 346 359 382 391 407 412 414 421 425 427 437 446 493 504 508 548 556 579 604 614 697 706
288 | 12 26 35 37 43 49 65 69 72 76 84 87 90 98 103 109 115 117 119 120 128 136 140 148 150 160 175 176 195 223 229 234 242 243 245 250 265 273 275 276 280 283 285 289 290 291 292 296 297 301 312 331 333 337 344 346 359 382 391 397 407 412 414 425 427 437 446 493 504 508 548 556 579 604 614 697 706
289 | 12 26 35 37 43 46 49 65 69 72 76 84 87 90 98 103 109 115 117 119 120 128 136 140 148 150 160 175 176 195 223 229 234 242 243 245 250 262 263 265 267 273 276 280 283 285 289 290 291 292 296 297 301 312 331 333 337 344 346 350 359 382 391 397 407 412 414 425 427 437 446 493 504 508 509 548 556 579 604 614 697 706
290 | 3 4 8 9 10 12 20 27 29 43 116 150 160 167 175 189 195 200 225 234 265 289 292 297 301 307 312 331 333 337 359 361 363 382 391 407 412 414 437 446 493 513 579 697
291 | 4 6 8 9 10 12 20 34 43 150 160 166 169 172 175 177 189 195 200 225 234 262 263 265 275 289 292 297 299 301 307 312 331 333 337 346 347 359 363 382 391 407 412 414 418 437 446 493 513 579 697
292 | 4 8 10 12 20 26 34 43 150 151 160 175 176 189 195 200 225 234 262 263 265 289 292 297 301 307 312 331 333 337 359 363 382 391 407 412 414 437 446 449 493 496 498 513 579 697
293 | 37 41 72 76 90 91 101 115 119 128 136 140 148 150 175 195 234 242 243 245 250 265 267 272 274 275 276 280 289 290 291 292 297 298 305 312 329 331 333 337 346 359 382 391 397 407 408 412 414 425 437 446 453 455 493 510 548 556 579 604 614 683 697
294 | 37 49 50 72 76 90 98 109 115 117 119 126 128 136 140 148 150 175 195 223 229 234 242 243 245 250 265 267 272 275 276 280 283 289 290 291 292 297 305 312 329 331 333 337 346 359 382 391 397 407 412 414 425 437 446 453 455 493 504 508 509 510 548 556 579 604 614 697 706
295 | 37 49 50 53 72 76 87 90 98 109 115 117 119 126 128 136 140 148 150 175 195 223 229 234 242 243 245 249 250 262 263 265 267 272 273 275 276 280 283 289 290 291 292 297 305 312 329 331 333 337 346 359 382 391 397 407 412 414 425 437 446 453 455 493 504 508 509 510 538 548 553 556 579 604 614 634 697 706
296 | 29 35 37 72 84 87 88 89 90 98 103 104 106 109 111 115 117 119 120 121 140 150 223 225 229 234 245 265 267 273 276 280 283 287 289 290 291 292 297 306 312 314 331 333 337 346 359 366 372 380 382 391 407 412 414 425 430 437 446 493 494 504 508 509 515 526 538 553 556 579 697 706
297 | 32 35 37 72 84 85 87 88 90 98 103 109 111 115 117 119 120 140 150 223 225 229 234 245 262 263 265 267 273 276 280 283 289 290 291 292 297 306 312 331 333 337 346 359 372 380 382 391 407 412 414 425 430 437 446 493 494 503 504 508 509 520 538 545 553 556 579 697 706
298 | 35 41 157 242 243 250 257 265 272 275 276 282 289 290 292 296 297 299 312 331 333 337 346 351 356 359 360 372 382 391 396 404 407 412 414 421 425 437 446 482 493 517 537 538 542 543 548 553 556 557 558 579 604 697
299 | 49 50 65 67 69 72 73 76 82 83 90 109 140 150 223 224 229 234 236 245 260 261 265 276 283 289 290 292 297 312 331 333 337 346 350 359 361 382 389 391 407 412 414 437 446 472 484 493 503 504 506 508 509 510 512 513 514 515 531 579 654 697
300 | 26 32 41 65 69 70 76 78 83 150 175 195 211 225 228 234 242 243 250 264 265 272 275 276 289 290 291 292 296 297 299 305 306 312 331 333 337 346 347 352 359 363 371 372 382 391 392 398 403 407 412 414 421 424 425 437 446 449 455 470 471 493 510 517 548 556 579 604 697
301 | 26 32 65 69 70 76 78 83 109 150 175 195 211 225 234 242 243 250 262 263 264 265 272 275 276 283 289 290 291 292 296 297 299 305 306 312 331 333 337 346 347 359 363 371 372 382 391 392 398 407 412 414 424 425 437 446 449 455 470 493 510 517 548 556 579 604 697
302 | 5 12 22 25 26 30 32 34 35 37 40 42 43 45 46 47 49 50 72 76 84 90 98 103 109 115 117 119 140 148 150 151 160 175 176 177 183 189 225 234 245 250 265 267 276 280 289 290 291 292 297 301 306 312 314 331 333 337 346 352 359 363 379 380 382 385 389 391 392 393 407 412 414 430 437 446 449 452 455 470 472 480 484 493 494 496 498 500 508 529 547 548 556 579 582 606 654 697 706 707
303 | 22 25 26 32 35 37 38 40 47 49 50 72 75 78 82 84 87 90 98 109 115 119 128 136 142 148 150 175 195 211 234 243 245 248 250 262 263 264 265 267 276 280 282 283 289 290 292 297 307 312 331 333 337 340 346 347 352 359 382 389 391 392 407 412 414 418 421 429 435 437 446 474 493 503 504 506 508 513 514 519 520 529 531 556 579 606 614 680 697 706
304 | 12 43 54 76 82 88 109 118 150 160 176 185 189 223 224 225 229 234 265 275 276 283 289 290 292 295 297 298 301 312 329 331 333 337 346 359 382 391 397 400 407 412 414 437 446 493 501 504 506 508 510 512 513 514 517 520 531 548 556 579 697
305 | 12 43 76 82 88 109 150 160 176 189 223 224 225 229 234 265 275 276 283 289 290 292 297 301 312 329 331 333 337 346 359 382 391 397 407 412 414 437 446 493 503 504 506 508 510 512 513 514 517 520 531 548 556 579 697
306 | 12 25 32 37 43 49 53 56 57 58 65 69 72 76 82 83 84 87 88 90 98 109 115 117 119 128 136 140 148 150 160 176 189 195 223 224 225 229 234 242 243 245 249 250 262 263 265 267 273 275 276 280 283 289 290 292 297 301 312 329 331 333 337 346 350 359 382 391 397 407 412 414 437 446 493 503 504 506 508 509 510 512 513 514 517 519 520 531 538 539 548 553 556 579 583 604 606 612 614 697 706
307 | 5 37 72 84 85 87 90 98 99 103 109 111 115 117 119 120 122 140 150 175 211 234 245 265 267 276 280 283 289 290 291 292 297 299 306 312 331 333 337 346 347 359 363 366 372 380 382 389 391 392 394 407 412 414 425 430 437 446 449 452 454 455 458 470 472 474 482 484 489 492 493 494 496 498 504 508 526 556 579 697 706
308 | 5 37 72 84 85 87 90 98 99 103 109 111 115 117 119 120 140 150 175 198 211 234 245 262 263 265 267 276 280 283 289 290 291 292 297 299 306 312 331 333 337 346 347 359 363 372 380 382 389 391 392 394 407 412 414 425 430 437 446 449 452 454 455 470 472 482 484 492 493 494 496 498 504 508 556 579 697 706
309 | 5 24 30 34 48 65 69 70 71 73 75 76 78 80 82 83 136 141 142 185 234 248 265 275 276 283 289 290 292 297 299 312 331 333 337 346 359 363 382 391 397 407 412 414 437 446 482 493 517 556 579 580 689 697
310 | 5 30 34 65 69 70 73 76 78 80 82 83 126 136 234 262 263 265 275 276 283 289 290 292 297 299 312 331 333 337 346 359 363 382 391 397 407 412 414 437 446 482 493 517 556 579 580 697
311 | 5 37 41 45 65 69 70 71 72 73 76 77 78 80 82 83 90 115 119 211 234 264 265 267 275 276 280 289 290 292 297 299 305 312 331 333 337 346 347 353 359 363 372 377 380 382 391 404 407 412 414 416 424 437 446 482 493 510 517 556 579 580 697
312 | 5 37 41 45 65 69 70 71 72 73 76 77 78 80 82 83 90 115 119 211 234 264 265 267 275 276 280 289 290 292 297 299 305 312 331 333 337 346 347 353 359 363 372 377 380 382 391 404 407 412 414 416 424 437 446 482 493 510 517 556 579 580 697
313 | 3 5 6 8 9 10 20 34 37 65 69 72 76 78 83 84 90 98 115 119 150 160 165 166 172 173 175 177 195 200 234 245 265 267 276 280 288 289 292 297 299 312 331 333 337 346 347 359 360 363 372 380 382 391 392 407 412 414 437 446 455 482 493 498 548 556 579 654 697 706 707 708
314 | 3 6 8 9 10 20 34 37 41 65 69 72 76 78 83 84 90 98 115 119 150 160 165 166 172 173 175 177 184 195 200 234 245 265 267 276 280 289 292 296 297 299 312 331 333 337 346 347 352 359 360 363 369 372 380 382 391 392 407 412 414 424 437 446 455 482 493 548 556 579 654 697 706 707 708
315 | 12 14 150 175 191 195 198 199 200 205 209 211 214 215 218 221 222 234 239 265 276 289 292 296 297 299 301 312 331 333 335 337 346 359 363 382 383 387 391 392 407 412 414 418 429 430 433 437 446 453 493 556 579 654 697 710
316 | 47 72 76 90 109 115 140 150 175 185 186 195 199 200 209 234 243 245 260 261 265 276 283 289 290 292 297 312 331 333 337 346 359 382 389 391 407 412 414 427 428 429 433 437 439 441 443 446 449 493 510 548 556 579 693 697 699 706 710
317 | 47 72 76 90 109 115 140 150 175 195 199 200 209 223 229 234 243 245 260 261 262 263 265 276 283 289 290 292 297 312 331 333 337 346 350 359 382 389 391 407 412 414 427 428 429 433 437 443 446 449 493 510 548 556 579 697 699 706 710
318 | 12 25 30 32 34 49 50 157 186 189 234 242 243 250 257 265 268 275 289 291 292 297 299 312 331 333 337 340 346 359 382 391 407 412 414 437 446 455 493 506 536 538 541 542 543 545 548 553 556 579 604 606 697
319 | 12 25 30 32 34 49 50 109 157 189 223 229 234 242 243 249 250 257 262 263 265 275 283 289 291 292 297 299 312 331 333 337 340 346 359 382 391 397 407 412 414 430 437 446 455 493 506 508 538 541 542 543 545 548 553 556 579 604 606 697
320 | 109 157 185 223 229 235 242 243 249 250 257 261 265 268 272 276 283 289 290 292 297 305 312 331 333 337 346 357 359 382 391 397 407 412 414 421 434 437 446 455 493 508 510 538 541 542 543 545 548 553 555 556 557 579 604 697
321 | 109 157 223 229 242 243 249 250 257 261 262 263 265 272 276 283 289 290 292 297 305 312 331 333 337 346 350 359 382 391 397 407 412 414 437 446 455 493 508 510 520 538 541 542 543 545 548 553 556 579 604 697
322 | 109 126 128 132 136 145 148 150 151 223 224 225 228 229 234 265 276 283 289 290 292 295 297 305 312 331 333 337 339 344 346 357 359 361 369 373 382 387 391 399 407 411 412 414 415 426 437 446 493 504 506 508 510 513 514 520 579 614 697
323 | 109 126 128 132 136 145 148 150 151 195 223 224 225 229 234 260 261 262 263 265 276 283 289 290 292 297 305 312 331 333 337 344 346 359 382 387 391 397 407 412 414 437 446 493 503 504 506 508 510 512 513 514 519 520 579 614 697
324 | 88 109 125 126 128 132 136 141 145 148 150 151 195 223 224 229 234 235 260 261 262 263 265 271 276 283 289 290 292 297 312 331 333 337 344 346 359 361 382 387 391 407 412 414 426 429 434 437 446 493 503 504 508 510 514 517 527 531 579 614 697
325 | 5 32 34 47 49 50 76 78 83 150 157 175 211 250 265 276 289 290 292 296 297 299 312 331 333 337 346 359 361 363 371 377 382 391 392 394 403 407 412 414 423 437 446 449 450 452 453 454 455 463 468 470 482 484 492 493 494 495 496 498 499 517 556 579 697
326 | 5 32 34 37 47 49 50 72 76 78 83 84 87 90 98 99 115 119 140 150 157 175 198 211 229 234 245 250 262 263 265 267 276 280 289 290 292 296 297 299 312 331 333 337 346 359 363 371 382 391 392 394 407 412 414 437 446 449 452 453 454 455 470 482 484 492 493 494 495 496 498 499 517 556 579 697 706
327 | 26 34 37 41 47 70 72 76 84 90 98 99 109 115 117 119 140 150 175 225 234 245 250 264 265 267 272 275 276 280 283 289 290 291 292 296 297 298 299 306 312 317 331 333 337 345 346 347 358 359 360 363 372 380 382 391 392 394 398 407 412 414 424 425 437 446 449 452 455 458 470 473 479 491 493 494 495 498 499 504 508 510 548 556 579 697 706
328 | 5 8 10 12 88 109 150 167 195 200 223 224 225 229 230 234 263 265 276 283 289 290 292 297 310 312 330 331 333 337 346 359 361 364 382 391 407 412 414 437 446 493 504 508 513 579 697
329 | 5 6 8 9 10 12 52 53 56 61 88 109 132 150 156 166 169 172 173 177 195 200 223 224 225 229 234 263 265 275 276 283 289 290 292 297 299 312 331 333 337 346 359 382 391 407 412 414 437 446 493 504 508 513 521 579 583 612 634 697 708
330 | 5 6 8 9 10 12 43 52 53 56 57 58 61 72 88 109 128 132 136 140 148 150 156 160 166 169 172 173 177 195 200 223 224 225 229 234 262 263 265 275 276 283 289 290 292 297 299 312 331 333 337 346 359 382 391 407 412 414 437 446 493 503 504 508 513 517 521 579 583 612 614 634 697 706 708
331 | 12 25 26 32 37 45 48 72 84 90 98 99 115 117 119 150 189 195 198 199 200 203 209 211 215 221 222 234 239 265 276 280 289 290 292 297 298 301 312 331 333 337 346 350 358 359 363 382 387 391 407 412 414 418 420 430 433 437 446 493 494 513 579 606 694 695 696 697 706
332 | 12 22 25 26 32 37 40 45 72 84 87 88 90 98 99 115 117 119 150 189 195 198 199 200 209 211 221 222 234 239 262 263 265 267 276 280 283 289 290 291 292 297 301 312 331 333 337 346 350 359 363 382 387 391 407 412 414 418 430 433 437 446 493 494 513 579 582 606 697 706
333 | 33 34 53 54 56 61 132 150 152 156 160 162 166 170 172 173 177 195 234 243 258 265 272 275 276 289 292 297 299 305 312 316 331 333 337 346 359 371 382 391 392 398 407 412 414 437 446 449 466 489 493 521 556 579 583 612 654 697 708
334 | 34 43 52 53 56 57 61 109 128 132 136 148 150 152 156 160 162 166 172 173 177 195 223 229 234 243 262 263 265 272 275 276 289 292 297 299 305 312 331 333 337 346 359 371 382 391 392 397 398 407 412 414 437 446 449 493 500 517 521 556 579 583 612 614 654 697 708
335 | 4 12 27 32 34 35 37 40 43 49 65 69 72 76 84 87 90 98 109 112 115 116 117 119 122 128 136 140 148 150 160 175 176 185 195 200 225 234 242 243 245 250 264 265 267 273 276 280 281 283 285 289 290 291 292 297 299 307 312 313 314 320 329 330 331 333 337 346 358 359 382 391 397 407 412 414 418 425 430 437 446 493 504 508 510 517 525 548 556 579 604 614 697 706
336 | 4 12 25 26 27 31 32 34 35 38 47 48 49 58 109 116 136 150 200 223 225 229 234 265 276 283 289 290 291 292 297 299 312 322 331 333 337 339 342 346 359 382 391 399 407 411 412 414 415 428 429 430 433 437 443 446 493 517 539 556 579 606 697 699 710
337 | 5 40 78 165 175 211 223 224 229 242 243 250 260 261 262 263 265 276 289 292 297 299 312 331 333 337 347 359 363 372 382 389 391 392 394 398 407 412 414 437 446 449 452 454 455 470 472 479 482 484 485 492 493 495 496 499 503 504 506 508 509 510 512 513 514 520 527 556 579 604 697 707
338 | 5 40 78 126 128 129 132 136 148 150 151 165 175 195 211 223 224 229 260 261 262 263 265 276 289 292 297 299 312 331 333 337 347 359 363 372 382 386 389 391 392 394 398 407 412 414 437 446 449 452 454 455 470 472 482 484 492 493 495 496 499 500 503 504 506 508 509 510 512 513 514 520 527 531 579 614 697
339 | 63 74 157 223 224 229 230 234 242 243 250 257 265 268 274 289 290 292 297 312 330 331 333 337 346 359 382 391 407 412 414 437 446 493 508 513 536 537 538 539 541 542 543 548 553 556 579 604 697
340 | 109 157 223 224 229 234 242 243 250 257 262 263 265 283 289 290 292 297 312 331 333 337 346 359 382 391 407 412 414 437 446 455 493 503 504 508 513 538 539 541 542 543 548 553 556 579 604 697
341 | 4 12 32 35 37 43 48 49 63 88 98 109 115 160 189 225 234 237 242 243 250 257 265 276 283 287 289 292 297 301 307 312 329 331 333 337 341 346 359 382 391 407 412 414 418 429 437 446 493 504 506 508 525 531 538 542 543 548 550 553 556 579 583 604 697
342 | 4 12 25 30 32 35 37 43 49 88 98 109 115 160 189 225 234 242 243 249 250 257 262 263 265 276 283 289 291 292 297 299 301 307 312 329 331 333 337 346 359 382 387 391 407 412 414 418 428 429 437 446 493 504 506 508 531 538 541 542 543 548 553 556 579 583 604 606 697
343 | 5 78 150 175 195 211 223 224 225 226 229 234 243 260 261 265 289 290 292 297 312 331 333 337 359 363 382 391 392 394 398 407 412 414 437 446 449 452 453 454 455 467 470 472 482 484 492 493 495 496 498 499 500 504 506 508 509 512 513 514 527 556 579 654 697
344 | 5 78 109 150 175 195 211 223 224 225 226 229 234 243 260 261 262 263 265 283 289 290 292 297 312 331 333 337 359 363 382 391 392 394 398 407 412 414 437 446 449 452 453 454 455 467 470 472 482 484 492 493 495 496 498 499 500 503 504 506 508 509 512 513 514 527 556 579 654 697
345 | 20 150 185 195 198 199 200 207 209 211 221 222 224 234 265 276 289 290 292 297 312 322 331 333 337 342 346 359 361 363 382 389 391 393 407 412 414 418 421 429 437 443 446 463 469 493 504 508 509 512 513 514 579 697 699
346 | 20 109 150 195 198 199 200 209 211 221 222 223 224 229 234 262 263 265 276 283 289 290 292 297 312 322 331 333 337 346 350 359 363 382 389 391 407 412 414 418 428 429 437 443 446 493 503 504 506 508 509 512 513 514 579 697 699
347 | 4 8 10 12 20 35 43 98 109 150 160 185 224 225 234 238 265 276 285 289 290 292 297 301 307 312 317 331 333 337 346 359 382 391 400 407 412 414 418 431 437 446 493 504 506 508 509 512 513 514 531 548 550 579 697
348 | 4 8 10 12 20 35 43 88 98 109 117 119 150 160 223 224 225 229 234 262 263 265 276 283 285 289 290 292 297 301 307 312 331 333 337 346 350 359 382 391 407 412 414 418 437 446 493 503 504 506 508 509 512 513 514 517 519 531 539 548 579 697
349 | 56 59 184 237 242 243 250 257 258 259 265 289 292 297 299 312 331 333 337 346 352 359 382 391 407 412 414 421 437 446 463 479 482 493 517 538 541 542 543 545 548 553 556 579 583 604 612 697
350 | 56 58 61 229 234 242 243 249 250 257 262 263 265 276 289 292 297 299 312 322 331 333 337 346 359 382 391 392 398 407 412 414 437 446 479 482 484 493 517 520 538 539 541 542 543 545 548 553 556 579 583 604 612 654 697
351 | 22 25 26 34 40 49 50 65 69 76 83 128 136 148 150 154 173 175 177 179 195 198 224 234 242 243 249 250 257 264 265 276 289 291 292 297 299 312 331 333 337 346 358 359 363 377 382 391 392 395 407 412 414 425 434 437 446 450 468 471 474 493 503 504 508 509 512 513 514 538 542 548 556 579 582 604 606 614 697 707 708
352 | 12 22 26 34 35 37 43 45 47 65 69 72 76 78 83 84 90 98 99 109 115 117 119 128 136 140 148 150 160 175 176 195 211 225 234 242 243 245 250 264 265 267 276 280 283 288 289 290 291 292 297 299 301 306 312 322 331 333 337 344 346 351 358 359 363 380 382 391 392 393 394 407 412 414 425 437 446 484 493 494 495 498 499 500 504 506 508 510 514 517 539 548 556 579 604 614 697 706
353 | 22 25 26 32 33 34 35 40 47 49 50 65 69 76 78 83 150 151 175 177 180 181 183 184 186 189 250 265 276 289 290 292 297 312 331 333 337 346 358 359 363 366 382 389 391 392 407 412 414 427 437 446 449 452 470 480 484 485 493 494 495 496 498 499 556 579 582 606 654 692 697
354 | 22 25 26 32 34 35 37 40 47 49 50 65 69 76 78 83 150 151 175 176 177 183 189 234 250 262 263 265 276 289 290 292 297 312 331 333 337 346 359 363 380 382 389 391 392 407 412 414 437 446 449 452 470 484 485 493 494 495 496 498 499 556 579 582 606 654 697 699
355 | 25 29 32 34 37 40 44 47 49 50 78 150 151 175 177 183 186 187 189 242 243 250 258 265 276 289 290 292 297 312 331 333 337 346 359 363 382 389 391 392 407 412 414 437 446 449 452 470 472 480 493 495 496 498 499 500 556 579 582 604 606 697 699
356 | 25 26 32 34 37 40 47 49 50 72 78 84 90 98 109 115 119 140 150 151 175 177 183 189 223 229 234 242 243 245 250 262 263 265 267 276 280 283 289 290 292 297 312 322 331 333 337 346 359 363 380 382 389 391 392 407 412 414 437 446 449 452 470 472 493 495 496 498 499 500 504 508 556 579 582 604 606 697 699 706
357 | 9 12 53 56 61 63 109 150 156 160 166 169 172 173 177 185 191 195 197 198 199 200 209 211 217 221 222 223 229 234 262 263 265 276 281 282 283 289 290 292 297 301 312 331 333 335 337 346 359 363 382 387 391 397 398 407 412 414 418 437 446 493 521 579 583 612 697 708
358 | 5 35 47 49 50 76 78 83 150 175 185 198 211 250 264 265 272 275 289 292 297 305 312 322 331 333 337 346 358 359 363 371 372 382 391 392 393 394 398 407 412 414 424 437 446 449 450 452 453 454 455 465 470 471 472 479 482 484 492 493 495 496 498 499 510 556 579 654 697
359 | 1 4 12 22 25 26 29 30 31 32 34 35 38 43 47 49 50 65 69 76 78 83 88 109 115 128 136 148 150 151 157 160 175 176 179 185 189 234 242 243 250 257 262 263 265 276 283 289 290 291 292 297 299 301 305 307 312 331 333 337 346 347 359 363 378 379 382 390 391 392 407 412 414 418 424 437 446 449 455 470 484 493 494 503 504 508 513 517 548 556 579 582 604 606 614 641 697
360 | 115 398
361 | 41 48 175 179 189 239 242 243 249 250 251 257 265 276 289 290 292 297 304 312 327 331 333 337 346 350 358 359 363 382 391 398 407 412 414 437 446 482 493 510 548 556 579 604 697
362 | 5 25 32 49 50 175 189 223 229 239 242 243 249 250 251 257 260 261 262 263 265 276 289 290 292 297 312 331 333 337 340 346 350 359 363 382 391 398 407 412 414 437 446 482 493 510 520 527 548 556 579 604 606 697
363 | 5 109 185 223 229 234 235 242 243 250 251 257 265 276 283 289 290 292 297 305 312 331 333 337 339 340 346 348 359 382 391 407 411 412 414 415 426 437 446 493 504 508 510 517 538 539 541 543 545 548 553 555 556 558 579 604 697
364 | 5 109 223 229 234 242 243 250 251 257 265 276 283 289 290 292 297 305 312 331 333 337 340 346 359 382 391 397 407 412 414 437 446 493 504 508 510 517 538 539 541 543 545 548 553 556 579 604 697
365 | 5 12 109 223 229 234 242 243 249 250 251 257 262 263 265 276 283 289 290 292 297 305 312 331 333 337 340 346 350 359 382 391 397 407 412 414 437 446 493 504 508 510 517 520 538 539 541 543 545 548 553 556 579 604 697
366 | 184 237 242 243 250 257 265 276 289 292 297 312 331 333 337 346 359 361 382 391 396 407 412 413 414 437 446 469 493 531 537 538 541 542 543 545 548 553 555 556 579 604 697
367 | 26 47 157 234 242 243 250 257 262 263 265 276 289 292 297 299 312 322 331 333 337 340 346 347 359 382 391 407 412 414 437 446 493 508 538 539 541 542 543 545 548 553 556 579 604 697 699
368 | 5 157 175 234 242 243 250 257 262 263 265 276 289 292 297 299 312 322 331 333 337 346 347 359 382 391 392 398 407 412 414 437 446 452 493 538 539 541 542 543 545 548 553 556 579 604 697 699
369 | 109 157 223 224 229 230 234 236 242 243 250 257 262 263 265 271 276 289 290 292 297 312 331 333 337 346 359 382 391 392 398 407 412 414 437 446 455 468 470 493 503 504 506 508 509 512 513 514 537 538 539 541 542 543 545 548 553 556 558 579 604 697
370 | 157 237 242 243 250 257 265 289 292 297 299 312 331 333 337 346 352 359 362 382 391 392 398 407 410 412 413 414 437 446 476 493 538 541 542 543 545 548 550 553 555 556 558 579 604 697
371 | 12 43 52 53 54 56 57 61 62 63 98 109 128 136 142 148 150 160 176 234 265 268 272 276 283 289 290 292 297 301 312 331 333 337 346 357 359 361 382 391 397 407 412 414 424 437 446 455 493 504 508 536 556 579 583 612 614 697
372 | 12 43 52 53 56 57 61 98 109 128 136 148 150 160 176 234 265 272 276 283 289 290 292 297 301 312 331 333 337 346 359 382 391 397 407 412 414 424 437 446 455 493 504 508 510 531 556 579 583 612 614 697
373 | 12 43 52 53 56 57 58 61 98 109 128 132 136 148 150 156 160 166 169 172 173 176 177 223 229 234 262 263 265 272 276 283 289 290 292 297 299 301 312 331 333 337 346 359 382 391 397 407 412 414 424 437 446 455 493 503 504 508 510 517 521 539 556 579 583 612 614 697 708
374 | 276 290 455 520 531 734
375 | 5 12 43 72 82 90 98 109 150 160 175 211 223 229 234 245 250 260 261 263 265 276 283 289 290 292 297 299 301 312 331 333 337 359 363 382 391 392 407 412 414 429 437 446 452 454 455 472 482 492 493 496 498 504 508 510 512 513 514 518 519 520 527 531 556 579 697 706
376 | 5 12 43 72 82 90 98 109 150 160 175 211 223 229 234 245 250 260 261 262 263 265 276 283 289 290 292 297 299 301 312 331 333 337 350 359 363 382 391 392 407 412 414 429 437 446 452 454 455 472 482 492 493 496 498 504 508 510 512 513 514 518 519 520 527 531 556 579 697 706
377 | 37 65 67 69 72 76 78 83 84 87 88 90 98 99 109 115 119 140 150 223 224 225 229 234 245 260 261 262 263 265 267 273 276 280 283 289 290 292 297 312 331 333 337 350 359 382 391 392 398 407 412 414 437 446 472 493 503 504 506 508 509 510 512 513 514 520 531 579 697 706
378 | 5 37 65 67 69 72 76 78 83 84 87 88 90 98 109 115 119 223 229 234 242 243 245 249 250 251 257 260 261 262 263 265 267 273 276 280 283 289 290 292 297 312 331 333 337 350 359 382 391 392 398 407 412 414 437 446 472 493 504 506 508 510 512 519 520 556 579 604 697 706
379 | 37 43 65 67 69 72 76 78 82 83 84 87 88 90 98 109 115 119 150 160 176 223 229 234 245 260 261 262 263 265 267 273 276 280 283 289 290 292 297 312 331 333 337 350 359 382 391 392 398 407 412 414 437 446 472 493 504 506 508 510 512 513 514 519 520 531 556 579 697 706
380 | 12 26 43 52 53 56 57 61 65 69 76 78 83 150 156 160 166 169 172 173 175 176 195 198 211 223 229 234 243 250 262 263 264 265 276 289 291 292 296 297 299 301 312 331 333 337 346 359 363 372 382 391 392 397 398 407 412 414 424 437 446 449 452 454 455 470 482 484 485 492 493 494 496 498 513 521 538 541 543 548 553 556 579 583 612 697 708
381 | 12 43 52 53 56 57 61 65 69 76 78 83 150 156 160 166 169 172 173 175 176 195 198 211 223 229 234 243 250 262 263 264 265 276 289 291 292 297 299 301 312 331 333 337 346 359 363 372 382 391 392 397 398 407 412 414 437 446 449 452 454 455 470 482 484 492 493 496 498 500 513 521 538 541 543 548 553 556 579 583 612 697 708
382 | 5 65 69 76 83 98 109 223 229 234 242 243 249 250 257 262 263 265 275 276 283 289 290 292 297 299 312 331 333 337 350 359 382 391 392 397 398 407 412 414 437 446 470 493 504 506 508 520 538 539 541 542 543 545 548 553 556 579 604 697
383 | 12 37 43 56 57 58 65 69 72 76 83 87 90 98 109 115 119 120 126 128 136 140 148 150 160 176 195 223 224 225 229 234 262 263 265 267 273 275 276 280 283 289 290 292 297 299 301 312 331 333 337 350 359 382 391 392 397 398 407 412 414 418 437 446 493 503 504 506 508 509 510 512 513 514 517 520 579 583 612 614 697 706
384 | 12 37 43 52 53 56 57 58 61 65 69 76 83 87 98 109 120 123 126 128 136 148 150 156 160 163 173 176 195 198 223 224 229 234 242 243 249 250 262 263 265 272 275 276 278 283 289 290 292 297 299 305 312 322 331 333 337 359 382 391 392 397 407 412 414 418 437 446 493 503 504 506 508 513 517 520 527 538 539 541 543 548 553 556 579 583 604 612 614 697 708 713 730
385 | 5 6 37 65 69 72 76 78 83 90 99 140 150 160 175 198 211 234 245 250 262 263 264 265 275 276 289 290 292 297 299 312 331 333 337 359 363 372 380 382 391 392 394 398 407 412 414 424 437 446 449 452 454 455 470 472 482 484 485 492 493 495 496 498 499 506 513 514 516 518 519 520 531 548 556 579 654 697 706 731
386 | 5 25 35 37 45 47 49 50 65 67 69 72 76 78 83 84 87 90 98 99 103 109 115 117 119 140 150 160 175 183 195 198 211 234 239 243 245 249 250 262 263 265 267 276 278 280 283 289 290 292 297 299 301 312 322 331 333 337 359 363 382 391 392 394 398 407 412 414 430 437 446 448 449 452 454 455 467 470 472 482 484 492 493 494 495 496 498 499 500 504 508 514 518 519 548 556 579 606 697 706
387 | 88 109 150 195 198 199 200 206 209 211 221 222 224 232 234 265 268 273 276 283 289 290 292 297 301 312 331 333 337 339 346 359 363 369 387 391 398 407 411 412 414 415 418 421 437 446 468 482 492 493 514 515 517 579 679 697
388 | 88 109 150 195 198 199 200 206 209 211 221 222 224 234 265 273 276 283 289 290 292 297 301 312 331 333 337 346 359 363 387 391 398 407 412 414 418 437 446 482 492 493 514 517 579 697
389 | 53 88 109 150 190 195 198 199 200 206 209 211 221 222 223 224 229 234 262 263 265 273 276 283 289 290 292 297 301 312 331 333 337 346 350 359 363 387 391 397 398 407 412 414 418 437 446 482 492 493 503 504 508 512 513 514 517 520 579 697
390 | 6 37 43 45 49 50 72 84 97 98 103 109 111 112 115 117 120 122 126 128 132 136 137 140 144 145 148 150 151 160 165 176 211 225 234 273 275 283 289 290 292 296 297 299 301 306 312 329 331 333 337 345 346 359 360 364 372 391 407 412 414 418 427 437 446 493 494 510 514 517 579 614 697 706
391 | 6 37 43 45 49 50 60 72 84 87 98 103 109 111 115 117 120 126 128 129 132 136 137 140 144 145 148 150 151 160 165 176 211 225 234 273 283 289 290 291 292 296 297 299 301 306 312 329 331 333 337 346 359 372 391 407 412 414 418 425 427 430 437 446 493 494 504 508 510 514 517 579 614 697 706
392 | 6 37 43 45 49 50 60 72 84 87 98 103 109 111 115 117 120 124 126 128 129 132 136 137 140 144 145 148 150 151 160 165 176 195 211 223 225 229 234 262 263 273 283 289 290 291 292 296 297 299 301 306 312 329 331 333 337 346 359 372 391 397 407 412 414 418 425 427 430 437 446 470 493 494 503 504 508 510 514 517 579 614 697 706
393 | 5 37 46 98 160 162 169 170 211 225 234 237 242 243 250 257 289 290 292 296 297 301 305 312 313 327 330 331 333 337 346 359 391 407 412 413 414 426 437 446 466 493 508 514 536 538 541 542 543 545 548 549 553 555 556 579 604 697
394 | 5 37 43 46 98 109 160 162 169 176 211 225 234 242 243 250 257 283 289 290 292 296 297 301 305 312 331 333 337 346 359 391 407 412 414 437 446 493 508 514 538 541 542 543 545 548 549 553 556 579 604 697
395 | 5 12 35 37 43 46 98 109 160 162 169 176 211 223 225 229 234 242 243 249 250 257 262 263 273 283 289 290 292 296 297 301 305 312 331 333 337 346 359 391 397 407 412 414 418 437 446 493 504 508 514 519 521 531 534 538 541 542 543 545 548 549 553 556 579 604 697
396 | 6 33 34 61 104 121 132 150 156 160 162 166 169 170 171 172 173 177 181 234 238 265 275 289 292 297 299 305 312 324 329 331 333 337 346 359 366 391 407 412 414 425 437 446 493 521 556 579 697 708
397 | 6 34 61 132 150 156 160 162 166 169 172 173 177 234 265 275 289 291 292 297 299 305 312 329 331 333 337 346 359 391 407 412 414 425 437 446 493 521 556 579 697 708
398 | 6 34 61 132 150 152 156 160 162 166 169 172 173 177 234 262 263 265 275 289 291 292 297 299 305 312 329 331 333 337 346 359 391 407 412 414 425 437 446 493 521 556 579 697 708
399 | 12 34 49 65 69 76 78 83 88 109 150 162 175 211 225 234 242 243 250 264 265 271 273 289 290 291 292 296 297 299 301 305 310 312 320 331 333 337 340 346 357 359 361 388 391 407 412 414 425 437 446 493 510 514 517 539 556 558 579 604 697
400 | 12 34 37 49 65 69 76 78 83 84 88 109 150 162 175 211 225 229 234 242 243 250 262 263 264 265 273 283 289 290 291 292 296 297 299 301 305 312 331 333 337 340 346 359 391 407 412 414 425 437 446 493 510 514 517 538 539 541 542 543 548 553 556 579 604 697
401 | 8 10 20 234 275 312 329
402 | 4 8 9 10 12 20 35 43 49 98 109 150 160 234 262 263 272 275 283 289 292 297 301 305 307 312 329 331 333 337 346 359 363 371 391 407 412 414 418 437 446 493 556 579 697 699 706
403 | 5 12 27 30 34 41 65 69 70 73 75 76 78 82 83 112 142 234 248 274 283 289 290 292 297 299 310 312 331 333 337 346 359 363 372 373 391 397 407 412 414 437 446 482 493 517 556 579 580 689 697
404 | 5 12 30 34 65 69 70 73 76 78 82 83 234 283 289 290 292 297 299 312 331 333 337 346 359 363 372 391 397 407 412 414 437 446 482 493 517 556 579 580 697
405 | 5 12 30 34 65 69 70 73 76 78 82 83 88 234 262 263 283 289 290 292 297 299 312 331 333 337 346 359 363 372 391 397 407 412 414 437 446 482 493 517 556 579 580 697
406 | 14 150 175 191 195 198 199 200 205 209 211 214 215 218 221 222 234 239 275 289 292 296 297 299 301 312 331 333 335 337 346 359 363 383 387 391 392 407 412 414 418 429 433 437 446 453 493 556 579 654 697 710
407 | 12 150 175 195 198 199 200 209 211 221 222 234 239 262 263 265 276 289 292 296 297 299 301 312 331 333 337 346 359 363 382 387 391 392 407 412 414 418 429 430 433 437 446 453 493 556 579 654 697 710
408 | 24 32 34 37 56 65 69 72 76 88 91 109 128 136 140 148 150 185 189 223 224 225 229 234 242 243 265 268 273 275 282 283 289 290 292 295 297 312 329 331 333 337 346 359 374 391 397 407 412 414 418 423 437 446 455 493 503 504 506 508 509 512 513 514 517 520 556 579 583 604 612 614 697 706
409 | 32 34 37 53 56 58 65 69 72 76 84 87 88 98 109 128 136 140 148 150 189 223 224 225 229 234 242 243 249 262 263 265 273 275 283 289 290 292 297 301 312 329 331 333 337 346 359 389 391 397 407 412 414 418 437 446 455 493 503 504 506 508 509 512 513 514 517 520 538 553 556 579 583 604 612 614 697 706
410 | 49 50 65 69 76 82 109 115 128 136 148 150 185 223 224 225 229 234 235 242 243 265 276 283 289 290 292 297 312 331 333 337 346 359 364 391 397 399 400 407 412 414 437 446 473 493 503 504 506 508 509 511 512 513 514 515 517 519 520 531 556 579 604 614 697
411 | 49 50 53 65 69 76 82 109 115 128 136 148 150 223 224 225 229 234 242 243 249 262 263 265 276 283 289 290 292 297 312 331 333 337 346 350 359 391 397 407 412 414 437 446 484 493 503 504 506 508 509 512 513 514 517 519 520 531 556 579 604 614 697
412 | 8 20 77 312 333 391
413 | 5 8 10 20 26 34 77 150 175 195 198 199 200 209 211 221 222 234 262 263 275 289 292 297 312 329 331 333 337 346 359 363 391 392 398 407 412 414 433 437 446 449 452 493 495 556 579 697 699
414 | 5 6 8 9 10 20 34 61 77 150 160 165 166 169 172 173 175 177 195 198 200 234 262 263 289 292 297 299 312 331 333 337 346 359 363 391 392 398 407 412 414 433 437 446 449 452 493 495 556 579 697 699 708
415 | 8 20 173 177 234 299 312 329 708
416 | 4 5 6 8 9 10 12 20 34 37 43 46 150 160 165 166 169 172 173 177 234 262 263 289 292 297 299 301 312 329 331 333 337 346 359 363 391 407 412 414 429 433 437 446 493 556 579 697 699 708
417 | 6 28 37 41 42 65 69 72 73 76 77 78 80 81 82 83 199 211 225 234 264 275 289 290 292 296 297 299 301 305 312 330 331 333 337 340 346 349 357 359 363 365 372 391 407 412 414 419 427 437 446 482 493 510 517 556 579 580 697 737
418 | 12 48 84 98 109 120 225 234 242 243 245 250 257 283 289 290 292 293 297 299 305 312 315 320 323 331 333 337 346 347 359 378 388 391 407 412 414 437 446 493 508 517 538 539 541 542 543 545 548 553 555 556 557 579 604 697 706
419 | 12 32 49 50 84 87 98 109 117 120 225 234 242 243 245 250 257 262 263 283 289 290 292 297 299 305 312 331 333 337 346 347 359 391 397 407 412 414 437 446 493 508 517 538 539 541 542 543 545 548 553 556 579 604 697 706
420 | 150 195 198 199 200 205 209 211 212 215 221 222 289 292 297 304 312 331 333 335 337 346 357 359 363 372 386 387 391 398 407 412 414 417 418 421 437 446 476 477 493 510 579 654 684 697
421 | 150 195 198 199 200 209 211 221 222 262 263 289 292 297 312 331 333 337 346 359 363 372 386 387 391 398 407 412 414 418 437 446 493 510 579 654 697
422 | 20 44 115 185 224 234 235 242 243 250 257 259 276 289 290 292 297 312 331 333 337 339 341 346 359 389 391 407 411 412 414 415 426 432 434 437 441 446 463 468 493 506 538 541 542 545 548 553 556 579 604 697 699
423 | 20 109 115 223 224 225 229 234 242 243 250 257 262 263 276 283 289 290 292 297 312 331 333 337 346 350 359 363 389 391 407 412 414 428 429 437 446 493 503 504 506 508 513 538 541 542 543 545 548 553 556 579 604 697 699
424 | 6 12 22 32 34 35 37 43 45 47 49 65 69 72 76 83 84 90 98 103 109 115 117 119 140 150 157 160 165 175 176 189 195 199 211 225 234 245 262 263 264 265 267 275 276 280 283 289 290 291 292 296 297 299 301 306 312 331 333 337 346 347 359 380 382 391 407 412 414 425 427 437 446 449 493 494 517 548 556 579 697 706
425 | 9 26 32 34 35 40 44 65 69 76 78 83 150 151 165 169 173 175 177 186 189 234 250 258 260 276 289 292 297 299 301 304 312 322 331 333 337 346 347 358 359 363 389 391 392 394 407 412 414 434 437 446 449 452 470 479 484 493 495 496 498 510 527 556 579 582 697 707 708
426 | 9 26 32 34 35 40 65 69 76 78 83 150 151 156 165 169 173 175 177 189 234 250 260 262 263 276 289 292 297 299 301 312 322 331 333 337 346 347 359 363 389 391 392 394 407 412 414 437 446 449 452 470 479 484 493 495 496 498 510 527 556 579 582 697 707 708
427 | 37 41 48 69 72 76 78 83 84 96 99 101 109 117 140 150 157 175 195 211 225 234 237 243 245 264 272 275 289 290 291 292 296 297 299 301 306 312 313 329 330 331 333 337 344 346 347 356 359 360 371 372 391 407 412 414 416 420 425 437 446 471 484 493 517 548 556 579 697 706
428 | 12 37 65 69 72 76 78 83 84 85 87 99 103 109 117 140 150 157 175 195 211 225 234 242 243 245 262 263 264 272 275 283 289 290 291 292 296 297 299 301 306 312 329 331 333 337 344 346 347 359 371 372 391 407 412 414 425 437 446 484 493 517 548 556 579 604 697 706
429 | 22 25 26 32 34 40 45 47 49 50 65 69 76 78 83 150 151 160 175 177 189 198 250 262 263 272 275 289 290 292 297 299 305 312 331 333 337 346 359 363 371 382 389 391 392 407 412 414 437 446 449 452 470 484 485 493 495 496 498 499 500 556 579 582 606 654 697 707
430 | 22 25 26 30 32 34 40 45 46 47 49 50 61 83 88 132 148 150 152 156 160 162 166 169 172 173 175 177 183 189 234 250 262 263 275 289 291 292 297 299 312 331 333 337 346 359 391 392 407 412 414 437 446 449 452 470 493 521 556 579 582 606 697 708
431 | 6 12 22 26 28 31 32 34 35 41 43 47 49 50 65 69 76 106 150 160 175 176 225 234 238 264 272 289 290 291 292 296 297 299 301 305 306 310 312 330 331 333 337 340 346 359 363 391 392 407 412 414 419 425 437 446 449 479 493 517 548 556 579 697
432 | 6 12 22 26 32 34 35 43 47 49 50 65 69 76 150 160 175 176 225 229 234 262 263 264 272 276 289 290 291 292 296 297 299 301 305 306 312 331 333 337 340 346 359 363 391 392 397 407 412 414 425 437 446 449 479 493 510 517 548 556 579 697
433 | 5 35 47 49 50 76 78 83 150 175 185 211 250 264 272 275 289 292 297 299 305 312 322 331 333 337 346 358 359 363 371 372 391 392 393 394 398 407 412 414 424 437 446 449 450 452 454 455 465 470 471 472 479 482 484 492 493 495 496 498 499 510 556 579 654 697
434 | 12 22 24 25 26 30 32 33 34 38 43 47 49 50 109 128 136 141 148 150 169 175 176 181 225 234 258 260 265 289 290 292 297 299 301 312 331 333 337 346 359 374 391 397 399 407 412 414 429 433 437 439 446 493 517 556 579 606 614 641 697 710
435 | 12 22 25 26 30 32 34 43 47 49 50 109 128 136 148 150 169 175 176 225 234 260 262 263 265 283 289 290 292 297 299 301 312 331 333 337 346 359 391 397 407 412 414 429 430 433 437 446 493 517 556 579 582 606 614 697 710
436 | 5 32 78 150 175 195 211 223 229 289 292 297 312 331 333 337 359 363 391 392 394 398 407 412 414 437 446 449 452 453 454 470 472 479 482 492 493 495 496 498 499 500 504 506 508 510 512 513 514 519 527 531 556 579 697
437 | 5 32 78 109 150 175 195 211 223 229 260 262 263 283 289 292 297 312 331 333 337 350 359 363 391 392 394 398 407 412 414 437 446 449 452 453 454 455 470 472 479 482 492 493 495 496 498 499 500 504 506 508 510 512 513 514 519 520 527 531 556 579 697
438 | 22 26 34 98 115 117 150 185 224 225 232 260 261 265 275 289 290 292 296 297 312 331 333 337 344 346 350 357 359 361 370 372 382 387 391 392 407 412 414 437 446 470 493 494 504 508 509 510 512 513 514 579 697
439 | 5 34 37 45 47 49 50 65 69 76 78 83 84 98 99 106 150 175 184 195 211 234 250 275 289 290 292 296 297 306 312 331 333 337 346 347 353 359 363 372 382 391 392 394 398 407 412 414 420 437 446 449 450 452 454 470 477 479 482 484 485 488 492 493 494 495 496 498 499 500 556 579 697 699
440 | 37 76 83 99 115 128 136 148 150 175 195 211 212 228 234 250 257 264 272 275 289 290 292 296 297 305 312 329 331 333 335 336 337 346 359 361 363 371 372 380 391 392 394 398 407 412 414 425 437 446 449 452 455 472 482 493 510 548 556 579 614 697
441 | 6 34 45 49 50 61 132 150 152 156 160 162 166 169 172 173 177 183 234 272 275 289 292 297 299 305 312 331 333 337 346 359 360 382 391 407 412 413 414 425 437 446 466 493 494 521 556 579 634 697 708
442 | 9 22 25 26 30 34 35 40 45 46 47 49 50 76 98 104 109 150 151 175 177 180 186 187 188 189 250 262 263 275 289 291 292 297 312 331 333 337 346 352 359 363 389 391 392 407 408 412 414 437 446 449 452 455 470 479 480 493 496 498 500 503 504 508 548 556 579 582 606 697 699 707
443 | 12 43 52 53 56 57 59 61 109 128 136 148 150 160 176 223 224 225 229 230 232 234 265 268 273 276 283 289 290 292 297 299 301 312 331 333 337 346 359 391 397 399 407 412 414 437 446 493 503 504 508 513 514 517 520 525 556 579 583 612 614 697
444 | 12 43 52 53 56 57 60 61 109 128 136 148 150 160 176 223 224 225 229 234 265 273 276 283 289 290 292 297 299 301 312 331 333 337 346 359 391 397 407 412 414 437 446 493 503 504 508 513 514 517 520 556 579 583 612 614 697
445 | 12 37 43 52 53 56 57 58 60 61 98 109 128 136 148 150 160 176 223 224 225 229 234 262 263 265 273 276 283 289 290 292 297 299 301 307 312 331 333 337 346 359 391 397 407 412 414 418 430 437 446 493 503 504 508 513 514 517 520 538 539 553 556 579 583 612 614 697
446 | 33 37 47 65 69 72 76 84 88 98 109 115 128 136 140 148 150 175 182 185 195 199 223 229 234 242 243 245 250 261 264 265 272 273 275 276 283 289 290 291 292 296 297 312 331 333 335 337 344 346 353 359 380 391 394 407 412 414 423 425 427 437 446 452 455 493 504 508 510 513 538 548 553 556 579 604 614 696 697 706
447 | 12 24 28 32 37 45 60 72 82 84 85 87 89 93 96 98 99 101 103 109 111 115 117 120 121 137 150 176 223 225 229 234 245 283 289 290 291 292 297 299 312 331 333 337 346 359 365 372 383 391 397 407 412 414 418 425 430 437 446 455 466 493 494 504 508 517 526 531 556 579 697 706
448 | 12 25 32 37 43 45 56 60 72 82 84 85 87 93 98 99 103 109 111 115 117 120 137 150 175 176 223 225 229 234 245 262 263 273 278 283 289 290 291 292 297 299 312 331 333 337 346 359 372 391 397 407 412 414 418 425 430 437 446 452 455 470 493 494 503 504 508 517 519 520 531 548 556 579 583 606 612 697 706
449 | 88 104 109 150 185 223 224 225 229 232 234 265 276 283 289 290 292 297 312 331 333 337 339 346 359 391 397 406 407 411 412 414 415 423 437 446 493 504 508 513 514 517 548 579 697
450 | 88 109 150 223 224 225 229 234 262 263 265 276 283 289 290 292 297 312 331 333 337 346 359 391 397 407 412 414 437 446 493 503 504 508 513 514 517 520 548 579 697
451 | 4 8 10 11 12 25 27 29 32 33 34 35 37 43 49 50 98 109 150 160 175 184 225 234 238 283 289 290 292 293 297 301 307 312 331 333 337 346 359 363 391 400 407 412 414 418 423 429 430 433 436 437 446 466 493 508 517 539 556 579 606 697 699 710
452 | 4 8 10 12 25 30 32 34 35 37 43 49 50 98 109 150 160 175 223 225 229 234 262 263 273 283 289 290 291 292 297 301 307 312 331 333 337 346 359 363 391 397 407 412 414 418 429 430 433 437 446 493 504 508 517 539 556 579 582 606 697 699 710
453 | 4 12 22 25 26 32 34 35 37 40 45 47 49 50 60 72 84 87 89 90 98 99 103 106 109 111 115 117 120 122 150 157 175 189 223 225 229 234 245 250 273 283 289 290 291 292 297 298 306 312 314 331 333 337 340 343 346 359 372 378 391 407 412 414 425 427 428 429 430 433 437 446 486 493 494 504 508 526 556 579 606 697 706 710
454 | 4 12 22 25 26 32 34 35 37 40 45 47 49 50 60 72 84 87 90 98 99 103 109 111 115 117 120 150 157 175 189 223 225 229 234 245 250 262 263 273 283 289 290 291 292 297 301 306 312 331 333 337 340 346 359 372 391 407 412 414 418 425 427 428 429 430 433 437 446 493 494 503 504 508 556 579 606 697 706 710
455 | 8 12 18 32 34 35 37 150 195 198 199 200 203 205 209 211 215 217 218 220 221 222 234 262 263 282 289 292 297 301 312 322 331 333 337 346 359 363 387 391 407 412 414 418 429 437 443 446 493 579 697 699
456 | 5 6 9 32 61 157 169 173 177 242 243 246 250 257 289 292 297 299 312 330 331 333 337 346 353 359 363 387 391 392 398 407 410 412 414 416 421 437 446 460 466 493 538 539 541 542 543 545 548 553 556 579 604 697 708
457 | 5 6 9 32 61 157 169 173 177 242 243 250 257 262 263 289 292 297 299 312 331 333 337 346 359 363 391 392 398 407 412 414 437 446 493 538 539 541 542 543 545 548 553 556 579 604 697 708
458 | 5 61 157 160 165 173 223 229 234 237 242 243 250 257 258 282 289 290 292 297 299 312 331 333 337 346 359 372 391 407 410 412 414 437 446 463 468 493 504 515 536 538 541 542 543 548 553 556 558 579 604 697
459 | 175 195 198 199 200 203 209 211 217 221 222 234 242 243 245 249 250 251 257 259 265 271 289 292 295 297 312 331 333 335 337 346 359 363 369 391 398 407 412 414 418 437 446 482 493 494 517 548 556 579 604 697
460 | 37 53 84 87 98 109 175 195 198 199 200 209 211 221 222 223 229 234 242 243 245 249 250 251 257 262 263 265 273 283 289 290 292 297 312 331 333 337 346 350 359 363 391 398 407 412 414 418 437 446 482 493 494 504 508 517 548 556 579 604 697
461 | 4 12 22 25 30 32 34 35 37 40 43 45 47 49 50 84 87 90 98 103 109 115 117 150 160 175 176 189 225 234 242 243 245 249 250 257 262 263 283 285 289 290 291 292 297 299 301 306 307 312 331 333 337 346 359 382 391 392 407 412 414 418 430 437 446 449 470 492 493 517 538 553 556 579 582 604 606 697 706
462 | 5 65 67 69 70 73 76 77 78 80 82 83 150 260 262 263 265 289 290 292 297 299 312 331 333 337 359 363 382 391 392 394 407 412 414 437 446 472 482 484 492 493 510 519 520 527 531 556 579 580 697
463 | 34 35 37 58 65 69 72 76 84 87 90 98 109 115 128 136 140 148 150 175 195 223 225 229 234 242 243 245 250 260 262 263 267 273 276 280 283 289 290 291 292 297 301 312 322 331 333 337 346 350 359 382 391 392 407 412 414 418 425 437 446 449 455 493 504 508 510 513 517 527 538 539 548 553 556 579 604 614 697 706
464 | 1 12 32 34 37 53 56 58 65 69 72 76 84 87 88 90 98 109 115 119 128 136 140 148 150 176 189 223 224 225 226 229 234 242 243 245 249 250 262 263 265 267 273 275 276 280 283 285 289 290 292 297 301 312 329 331 333 337 346 350 359 382 391 397 407 412 414 418 430 437 446 493 503 504 506 508 509 510 512 513 514 517 519 520 538 539 553 556 579 583 604 612 614 697 706
465 | 32 34 35 37 76 87 98 109 150 160 195 198 199 200 209 211 221 222 223 229 234 262 263 276 283 289 290 292 297 301 312 322 329 331 333 337 346 350 359 363 382 386 387 389 391 392 407 412 414 418 429 430 437 446 492 493 504 506 508 579 697 699
466 | 5 34 37 49 50 60 65 69 70 72 73 76 77 78 80 82 83 84 87 90 98 103 109 115 117 119 136 140 223 225 229 234 245 262 263 267 273 276 280 283 289 290 292 296 297 299 312 331 333 337 346 359 363 372 382 391 407 412 414 437 446 452 482 493 504 508 517 556 579 580 697 706
467 | 34 37 49 50 60 69 72 84 87 90 98 103 109 115 117 119 126 128 129 132 136 140 145 148 150 151 195 223 229 234 262 263 267 273 276 280 283 289 290 292 296 297 312 331 333 337 346 359 372 382 391 407 412 414 437 446 452 493 504 508 517 579 614 697 706
468 | 5 9 37 45 61 76 83 84 93 98 99 109 115 119 128 132 136 148 150 152 156 160 162 166 169 172 173 175 177 195 211 234 262 263 264 265 272 276 278 280 289 290 291 292 296 297 299 305 312 329 331 333 337 344 346 347 359 363 371 380 382 386 391 392 398 407 409 412 414 424 425 437 446 449 452 453 454 455 482 484 492 493 496 498 506 510 521 548 556 579 582 614 654 697 708
469 | 5 6 8 9 10 20 34 150 160 166 169 172 173 175 177 195 200 234 262 263 265 275 289 290 292 297 299 312 331 333 337 346 359 363 382 391 392 407 412 414 437 446 449 452 493 506 521 579 612 697 708
470 | 4 12 35 109 150 160 175 195 198 199 200 209 211 221 222 225 234 262 263 264 265 272 276 283 289 290 291 292 296 297 299 305 312 331 333 337 346 347 359 363 371 372 387 391 397 407 412 414 418 424 425 437 446 493 517 556 579 697 730
471 | 5 109 150 175 225 234 242 243 249 250 251 257 262 263 264 265 272 276 283 289 290 291 292 296 297 299 305 312 331 333 337 346 347 359 371 372 391 397 407 412 414 424 425 437 446 493 517 539 548 556 579 604 697 730
472 | 4 6 8 10 12 25 32 34 35 37 43 49 50 98 109 115 150 152 160 165 166 169 172 173 223 224 225 229 234 262 263 265 283 289 290 292 297 299 301 307 312 331 333 337 346 347 359 382 391 407 412 414 418 429 430 433 437 446 493 503 504 508 512 513 514 517 521 539 556 579 606 697 708
473 | 35 88 109 223 224 225 229 234 242 243 249 250 257 262 263 265 273 276 283 289 290 292 297 312 329 331 333 337 346 350 359 391 397 407 412 414 437 446 482 492 493 503 504 506 508 513 514 520 556 579 604 697
474 | 5 22 25 34 40 45 65 67 69 76 77 78 82 83 150 160 175 195 242 243 250 262 263 264 265 275 289 292 297 299 312 331 333 337 359 363 382 389 391 392 394 407 412 414 437 446 449 452 454 455 472 484 493 498 499 517 556 579 604 606 697
475 | 4 5 12 34 35 37 47 49 50 60 69 72 76 78 83 84 87 98 99 103 109 111 117 120 140 150 151 160 175 211 223 229 234 245 262 263 265 272 276 283 289 290 291 292 297 299 301 305 307 312 331 333 337 346 359 363 372 382 389 391 392 394 398 407 412 414 418 425 430 437 446 449 452 454 455 467 470 479 482 484 485 492 493 495 496 498 499 500 503 504 508 556 579 654 697 706
476 | 49 50 65 67 69 72 73 76 82 83 90 109 140 150 223 224 229 234 245 260 261 262 263 265 276 283 289 290 292 297 312 331 333 337 346 350 359 382 389 391 407 412 414 437 446 472 484 493 503 504 506 508 509 510 512 513 514 519 520 531 579 654 697
477 | 25 26 32 34 37 40 47 49 50 72 78 84 87 90 98 109 115 140 150 151 175 177 183 189 223 229 234 242 243 245 250 262 263 265 267 276 283 289 290 292 297 312 322 331 333 337 346 359 363 382 389 391 392 407 412 414 437 446 449 452 470 472 493 495 496 498 499 500 504 508 556 579 582 604 606 697 699 706
478 | 5 26 32 37 40 47 49 50 65 69 76 83 151 175 177 189 234 239 242 243 245 249 250 251 257 262 263 265 276 289 290 292 297 312 331 333 337 346 350 359 363 382 389 391 392 398 407 412 414 437 446 449 452 482 493 496 498 510 548 556 579 582 604 697
479 | 5 22 25 26 34 47 65 69 73 76 77 78 80 83 150 151 175 177 189 234 275 289 292 297 299 312 331 333 337 359 363 389 391 392 407 412 414 437 446 449 482 492 493 496 498 556 579 580 606 697
480 | 5 6 22 35 37 65 69 72 76 78 83 140 150 165 175 195 198 200 211 234 245 262 263 289 290 292 297 299 312 331 333 337 359 363 371 372 391 392 394 398 407 412 414 437 446 449 452 453 454 455 470 482 484 485 492 493 494 495 496 498 499 500 513 514 517 548 556 579 654 697 706
481 | 5 6 35 37 65 69 72 76 78 83 140 150 165 175 198 211 234 242 243 245 262 263 289 290 292 297 299 312 331 333 337 359 363 372 391 392 394 398 407 412 414 437 446 449 452 453 454 455 470 482 484 485 492 493 494 495 496 498 499 500 513 514 517 548 556 579 604 654 697 706
482 | 5 6 32 35 37 45 49 50 65 69 72 76 78 83 128 136 140 148 150 165 175 198 211 234 245 260 262 263 264 275 289 290 292 297 299 312 331 333 337 359 363 372 391 392 394 398 407 412 414 437 446 449 452 453 454 455 470 482 484 485 492 493 494 495 496 498 499 500 513 514 517 548 556 579 614 654 697 706
483 | 12 43 51 52 53 56 57 58 61 65 69 76 82 83 93 98 109 120 126 128 136 148 150 160 176 223 224 229 234 242 243 262 263 272 283 289 290 292 297 299 301 305 312 331 333 337 359 363 391 392 397 398 407 412 414 437 446 472 493 499 503 504 506 508 513 514 517 519 520 531 556 579 583 604 612 614 697
484 | 12 37 43 52 53 55 56 57 58 61 65 69 76 83 84 87 93 98 109 120 128 136 148 150 160 176 223 224 229 234 242 243 249 257 262 263 272 283 289 290 292 297 299 301 305 312 331 333 337 359 391 392 397 398 407 412 414 437 446 472 493 499 503 504 506 508 513 538 539 541 545 548 553 556 579 583 604 612 614 697
485 | 8 25 32 49 50 56 109 126 128 132 136 145 148 150 151 195 223 224 225 229 234 260 262 263 273 275 283 289 290 292 297 312 331 333 337 346 359 387 391 397 407 412 414 437 446 493 503 504 506 508 514 519 520 531 579 583 606 612 614 697
486 | 32 35 37 65 69 72 76 83 84 87 88 98 99 109 140 150 160 223 224 229 234 245 249 250 262 263 273 280 283 289 290 291 292 297 312 331 333 337 350 359 387 392 398 407 412 414 437 446 455 472 503 504 506 508 509 512 520 556 579 697 706
487 | 9 12 25 32 43 52 53 56 57 58 61 65 69 76 78 83 93 109 150 151 156 160 169 174 175 176 177 189 198 223 224 229 234 250 262 263 272 273 283 289 290 292 297 299 301 305 312 331 333 337 359 389 391 392 397 398 407 412 414 437 446 449 452 470 472 493 496 503 506 517 520 521 539 556 579 582 583 606 612 697 707
488 | 5 12 78 83 150 175 195 198 211 234 243 250 262 263 289 292 297 299 312 331 333 337 346 359 363 372 391 392 394 398 407 412 414 437 446 449 452 454 455 470 472 482 484 485 492 493 495 496 498 499 556 579 697
489 | 5 6 35 37 157 211 234 242 243 250 257 264 275 289 292 296 297 299 312 331 333 337 359 371 372 391 392 398 407 412 414 437 446 493 506 538 541 542 543 545 548 553 556 579 604 654 697
490 | 5 6 35 37 157 175 198 211 234 242 243 250 257 262 263 264 275 289 292 296 297 299 312 331 333 337 359 363 371 372 391 392 398 407 412 414 437 446 452 470 482 492 493 495 506 538 541 542 543 545 548 553 556 579 604 654 697
491 | 4 22 25 26 30 32 34 35 37 40 45 47 49 50 51 55 65 69 76 78 83 84 87 98 99 109 148 150 151 160 175 176 177 183 189 234 242 243 250 262 263 264 273 283 289 290 291 292 297 299 301 312 331 333 337 359 363 391 392 407 412 414 418 429 430 437 446 449 452 470 479 493 498 500 504 508 556 579 582 604 606 697 706 707
492 | 150 177 195 198 199 200 209 211 221 222 224 234 262 263 264 289 290 292 296 297 299 312 329 331 333 337 359 363 387 391 392 398 407 412 414 418 437 446 452 455 493 579 654 697
493 | 4 5 9 12 25 30 32 43 46 51 52 53 55 56 57 61 65 69 76 78 83 87 98 109 126 128 132 136 148 150 151 156 160 169 173 174 175 176 177 195 198 200 209 211 223 224 229 234 242 243 249 250 257 262 263 264 272 273 278 283 289 290 291 292 297 299 301 305 312 331 333 337 359 363 391 392 394 397 398 407 412 414 418 425 429 430 437 446 449 452 454 455 470 472 482 484 492 493 496 498 499 503 504 506 508 513 514 517 519 520 531 538 539 541 543 545 548 553 556 579 582 583 604 606 612 614 654 697 707 708
494 | 5 6 37 40 49 64 65 69 70 72 76 78 83 87 98 109 123 126 127 128 129 132 136 140 145 148 150 151 157 175 195 198 211 262 263 264 265 275 289 290 292 297 312 331 333 337 359 363 372 391 392 398 407 412 414 425 437 446 452 454 455 482 484 493 494 495 496 498 499 579 614 654 697 706
495 | 33 35 47 49 50 61 150 160 169 195 198 199 200 203 206 211 221 222 289 292 297 301 312 322 331 333 335 337 346 352 359 363 367 379 387 391 398 407 412 414 417 418 437 443 446 463 470 482 492 493 517 539 579 679 697
496 | 35 47 49 50 61 150 160 169 195 198 199 200 206 211 221 222 289 292 297 301 312 322 331 333 337 346 359 363 387 391 398 407 412 414 418 437 443 446 470 482 492 493 517 539 579 697
497 | 35 47 49 50 53 56 58 61 109 150 160 169 190 195 198 199 200 206 211 221 222 262 263 283 289 292 297 301 312 322 331 333 337 346 359 363 387 391 398 407 412 414 418 437 443 446 470 482 492 493 517 539 579 583 612 697 734
498 | 26 49 70 88 109 126 128 129 132 136 144 145 148 150 151 185 195 211 236 268 273 276 283 289 292 296 297 305 312 329 331 333 337 346 359 372 391 397 407 412 414 426 437 446 455 493 508 510 517 527 528 579 614 697
499 | 26 37 49 70 72 84 87 88 98 103 109 117 126 128 129 132 136 140 144 145 148 150 151 195 211 229 273 276 283 289 292 296 297 305 312 329 331 333 337 346 359 372 391 397 407 412 414 425 430 437 446 455 493 503 504 508 510 517 527 579 614 697 706
500 | 26 37 49 70 72 84 87 88 98 103 109 117 120 124 126 128 129 132 136 140 144 145 148 150 151 195 211 223 229 262 263 273 276 283 289 292 296 297 305 312 329 331 333 337 346 350 359 372 391 397 407 412 414 425 430 437 446 455 493 503 504 508 509 510 517 520 527 542 579 614 697 706 734
501 | 4 12 27 31 37 49 109 121 159 160 211 225 242 243 250 257 289 291 292 296 297 301 307 312 331 333 337 341 346 356 359 372 391 400 407 412 414 418 437 446 493 517 538 539 541 542 543 545 548 549 556 579 604 697
502 | 4 12 37 49 109 160 211 225 242 243 250 257 273 289 291 292 296 297 301 307 312 331 333 337 346 359 372 391 407 412 414 418 437 446 493 517 538 539 541 542 543 545 548 549 556 579 604 697
503 | 1 4 12 35 37 49 58 88 109 160 211 225 242 243 250 257 262 263 273 283 289 291 292 296 297 301 307 312 331 333 337 346 350 359 372 391 407 412 414 418 437 446 493 517 534 538 539 541 542 543 545 548 549 556 579 604 697 734
504 | 31 33 37 45 69 76 104 117 150 175 199 209 211 225 264 289 291 292 296 297 301 312 329 330 331 333 337 340 344 346 347 359 366 372 391 400 407 412 414 418 425 427 437 446 455 479 493 517 539 556 579 697
505 | 5 35 37 45 65 69 72 76 83 84 87 109 117 136 140 150 175 199 209 211 225 245 262 263 264 273 283 289 291 292 296 297 301 312 329 331 333 337 340 344 346 347 359 363 372 391 392 407 412 414 418 425 427 437 446 449 455 479 482 493 517 539 556 579 697 706
506 | 30 33 69 70 75 76 83 109 142 150 160 175 182 225 234 238 248 262 264 272 275 289 291 292 296 297 312 331 333 337 344 346 353 359 361 372 373 391 397 407 412 414 425 426 437 446 493 508 556 579 697
507 | 30 32 69 70 76 83 109 150 160 175 225 234 262 264 272 273 275 283 289 291 292 296 297 312 331 333 337 344 346 359 372 391 397 407 412 414 425 437 446 493 508 538 556 579 697
508 | 30 32 65 69 70 76 83 88 109 150 160 175 225 234 262 263 264 272 273 275 283 289 291 292 296 297 312 331 333 337 344 346 359 372 391 397 407 412 414 425 437 446 493 508 520 538 556 579 697
509 | 6 22 25 26 29 30 32 34 35 40 41 43 45 47 49 50 83 150 160 175 176 189 199 211 272 289 292 296 297 301 305 306 308 312 331 333 337 346 353 356 359 360 391 392 407 412 414 426 427 437 446 449 493 494 498 517 556 579 606 697
510 | 6 22 25 26 30 32 34 35 40 43 45 47 49 50 83 109 150 160 175 176 189 199 211 262 263 272 289 292 296 297 301 305 306 312 331 333 337 346 359 391 392 407 412 414 427 437 446 449 493 494 498 517 556 579 582 606 697
511 | 32 34 35 37 43 45 49 50 84 103 109 117 150 165 176 181 191 195 198 199 200 203 209 211 215 221 222 225 273 275 289 292 296 297 301 312 329 331 333 337 346 359 363 372 387 391 394 407 412 414 421 425 427 437 443 446 493 494 508 517 579 683 697
512 | 32 34 35 37 43 45 49 50 84 87 88 98 103 109 117 150 165 176 195 198 199 200 209 211 221 222 225 262 263 273 275 289 292 296 297 301 312 329 331 333 337 346 359 363 372 387 391 394 407 412 414 425 427 437 443 446 493 494 504 508 517 579 697 706
513 | 32 34 35 37 43 45 49 50 84 103 109 117 126 128 129 132 136 140 145 147 148 150 151 165 176 181 195 211 225 273 275 289 292 296 297 301 312 329 331 333 337 346 359 372 391 394 407 412 414 421 425 427 437 443 446 493 494 508 517 579 614 683 697
514 | 32 34 35 37 43 45 49 50 84 87 88 98 103 109 117 126 128 129 132 136 140 145 148 150 151 165 176 195 211 225 262 263 273 275 289 292 296 297 301 312 329 331 333 337 346 359 372 391 394 407 412 414 425 427 437 443 446 493 494 504 508 517 579 614 697 706
515 | 32 34 35 37 43 45 49 50 84 103 109 117 165 176 181 211 225 237 242 243 245 250 257 273 275 289 292 296 297 301 312 329 331 333 337 346 359 372 391 394 407 412 414 421 425 427 437 443 446 493 494 508 517 536 538 539 541 542 543 545 548 555 556 579 604 683 697
516 | 32 34 35 37 43 45 49 50 84 87 88 98 103 109 117 165 176 211 225 242 243 245 250 257 262 263 273 275 289 292 296 297 301 312 329 331 333 337 346 359 372 391 394 407 412 414 425 427 437 443 446 493 494 504 508 517 538 539 541 542 543 545 548 556 579 604 697 706
517 | 5 50 76 78 83 175 185 198 222 289 292 297 299 312 331 333 337 338 344 346 347 359 363 371 372 389 391 392 398 407 412 414 437 446 449 452 454 455 469 470 472 477 479 482 484 492 493 495 496 498 499 500 504 508 527 556 579 654 697
518 | 5 50 76 78 83 175 198 222 262 263 289 292 297 299 312 331 333 337 344 346 347 359 363 371 372 389 391 392 398 407 412 414 437 446 449 452 454 455 470 472 479 482 484 492 493 495 496 498 499 500 504 508 527 556 579 654 697
519 | 6 27 49 132 150 152 156 160 162 166 169 172 173 275 289 292 297 305 312 331 333 337 346 349 359 377 386 391 407 412 414 424 425 437 446 479 493 521 556 579 697 708
520 | 6 49 132 150 152 156 160 162 166 169 172 173 275 289 292 297 305 312 331 333 337 346 359 386 391 407 412 414 424 425 437 446 479 493 521 556 579 697 708
521 | 6 49 132 150 152 156 160 162 166 169 172 173 262 263 275 289 292 297 305 312 331 333 337 346 359 386 391 392 407 412 414 424 425 437 446 479 493 521 556 579 697 708
522 | 5 47 65 69 70 73 76 78 82 83 112 145 157 238 265 273 274 289 292 297 312 316 331 333 337 346 359 361 363 378 391 400 407 412 414 437 446 482 493 556 579 580 641 697
523 | 5 47 65 69 70 73 76 78 82 83 109 126 145 157 262 263 265 273 289 292 297 312 331 333 337 346 359 363 391 407 412 414 437 446 482 493 556 579 580 654 697
524 | 109 185 223 224 229 234 236 260 273 274 283 289 290 292 297 312 331 333 337 346 350 359 375 387 391 407 412 414 437 446 472 493 503 504 508 509 512 513 514 515 519 528 530 531 579 697
525 | 109 223 224 229 234 260 273 283 289 290 292 297 312 331 333 337 346 350 359 387 391 407 412 414 437 446 472 493 503 504 508 509 512 513 514 519 531 579 697
526 | 88 109 195 223 224 229 234 260 262 263 273 283 289 290 292 297 312 331 333 337 346 350 359 387 391 407 412 414 437 446 472 493 503 504 508 509 512 513 514 519 520 531 579 697
527 | 5 6 34 35 40 41 42 49 50 76 78 83 132 156 160 162 165 166 169 172 173 175 198 200 275 289 292 297 312 329 331 333 337 340 344 346 352 353 359 363 372 391 392 398 407 412 413 414 437 446 449 452 454 455 459 465 470 482 484 491 492 493 495 496 498 499 521 527 556 579 693 697 708
528 | 5 6 34 35 40 49 50 76 78 83 132 152 156 160 162 165 166 169 172 173 175 198 200 262 263 275 289 292 297 312 329 331 333 337 340 344 346 359 363 372 391 392 398 407 412 414 437 446 449 452 454 455 470 482 484 492 493 495 496 498 499 521 527 556 579 697 708
529 | 4 37 43 97 98 109 160 176 223 224 225 226 229 234 271 273 283 285 289 292 297 301 312 317 331 333 337 346 359 391 407 412 414 418 429 430 437 446 493 504 508 513 514 531 532 579 697
530 | 4 37 43 82 87 98 109 160 176 223 224 225 226 229 234 262 263 273 283 285 289 292 297 301 312 331 333 337 346 359 391 407 412 414 418 429 430 437 446 493 504 508 513 514 520 531 579 697
531 | 5 35 37 47 65 69 70 72 78 83 84 99 117 128 136 140 148 150 175 195 211 225 242 243 245 250 263 264 265 272 275 289 291 292 296 297 305 312 331 333 337 344 346 349 359 360 363 371 372 377 389 391 392 398 407 412 414 416 424 425 426 437 446 449 452 454 455 468 470 472 477 482 484 492 493 494 495 496 499 517 538 556 579 582 604 614 642 654 697 706
532 | 32 35 37 49 72 84 87 88 90 98 99 102 103 108 109 115 117 118 120 121 140 150 211 225 245 273 283 289 291 292 297 298 312 319 331 333 337 346 350 359 361 366 372 391 407 412 414 425 430 437 446 493 503 504 508 509 515 556 579 697 706
533 | 32 35 37 49 72 84 87 88 90 98 99 103 109 115 117 120 140 150 211 225 245 273 283 289 291 292 297 312 331 333 337 346 350 359 372 391 407 412 414 425 430 437 446 493 503 504 508 509 556 579 697 706
534 | 32 35 37 49 72 84 87 88 90 98 99 103 109 115 117 120 140 150 211 223 225 229 245 262 263 273 283 289 291 292 297 312 331 333 337 346 350 359 372 391 407 412 414 425 430 437 446 493 503 504 508 509 556 579 697 706
535 | 157 224 228 237 250 257 259 272 275 289 292 297 305 312 329 331 333 337 344 346 359 391 396 407 412 414 428 429 437 446 493 538 542 548 556 579 697 699
536 | 84 109 157 224 229 250 257 272 273 275 289 292 297 305 312 329 331 333 337 344 346 359 391 407 412 414 428 429 437 443 446 493 514 538 542 548 556 579 697 699
537 | 32 35 37 84 87 98 99 109 117 157 211 223 224 225 229 245 250 257 262 263 272 273 275 283 289 292 297 305 312 329 331 333 337 344 346 359 391 407 412 414 428 429 430 433 437 443 446 493 504 508 514 538 542 548 556 579 697 699 706
538 | 32 35 37 49 72 84 87 88 98 103 109 117 119 120 140 150 211 223 225 229 245 262 273 276 283 289 291 292 297 312 322 331 333 337 346 350 359 372 389 391 407 412 414 425 430 437 446 455 493 503 504 508 556 579 697 706
539 | 32 35 37 49 60 72 84 87 88 98 103 109 115 117 120 140 150 211 223 225 229 245 262 273 283 289 291 292 297 312 331 333 337 346 350 359 372 389 391 407 412 414 425 430 437 446 455 493 503 504 508 556 579 697 706
540 | 5 8 9 10 20 32 77 150 159 195 198 199 200 211 221 222 281 289 292 297 301 312 331 333 337 346 347 351 359 363 378 383 387 391 398 400 407 412 414 437 446 449 466 470 482 484 493 531 579 697
541 | 5 8 10 20 32 77 150 195 198 199 200 211 221 222 289 292 297 301 312 331 333 337 346 347 359 363 387 391 398 407 412 414 437 446 449 470 482 484 493 531 579 697
542 | 4 5 6 8 9 10 20 32 35 43 77 150 160 176 195 198 199 200 211 221 222 262 263 273 289 291 292 297 301 307 312 331 333 337 346 347 359 363 371 372 387 391 398 407 412 414 418 430 437 446 449 470 482 484 492 493 521 531 579 697
543 | 5 8 10 11 14 32 109 150 195 239 265 273 274 289 292 297 312 329 331 333 337 346 359 391 407 412 414 429 430 433 437 446 447 493 510 527 531 579 697 699 710
544 | 5 8 10 32 109 150 195 239 265 289 292 297 312 329 331 333 337 346 359 391 407 412 414 429 430 433 437 446 493 510 527 531 579 697 699 710
545 | 1 4 5 8 10 32 47 88 109 150 195 223 225 229 239 262 263 265 283 289 292 297 301 312 329 331 333 337 346 347 359 391 407 412 414 418 429 430 433 437 446 493 504 508 510 517 527 531 539 579 697 699 710
546 | 35 36 41 44 48 49 150 169 173 195 198 199 200 211 215 222 289 292 296 297 312 329 331 333 335 337 346 352 359 360 363 372 387 391 398 407 412 414 421 437 446 449 493 579 654 697 708
547 | 6 34 35 37 49 150 154 169 173 175 195 198 199 200 211 222 262 263 289 292 296 297 312 329 331 333 337 346 359 363 372 387 391 398 407 412 414 437 446 449 452 482 493 499 579 654 697 708
548 | 150 195 198 199 200 211 215 216 221 222 289 292 296 297 301 312 327 331 333 335 337 344 346 353 359 361 363 371 372 387 391 398 407 412 414 417 437 446 449 477 493 579 697
549 | 150 195 198 199 200 211 221 222 262 263 289 292 296 297 301 312 331 333 337 344 346 359 363 371 372 387 391 398 407 412 414 418 437 446 449 482 493 494 579 697
550 | 49 88 104 157 230 243 250 257 265 275 289 290 292 297 299 301 312 316 329 331 333 337 346 359 391 407 412 414 437 446 455 466 493 537 538 539 541 542 543 545 546 553 556 579 697
551 | 22 25 30 32 33 34 36 40 43 47 49 50 75 115 142 148 189 223 224 225 229 234 265 273 275 289 291 292 297 301 312 331 333 337 346 359 364 378 379 391 397 407 412 414 429 437 446 493 503 504 508 513 514 517 539 579 606 697
552 | 22 25 30 32 34 35 37 40 43 47 49 50 84 98 103 109 115 117 148 176 189 211 223 224 225 229 234 265 273 275 283 289 291 292 297 301 312 331 333 337 346 359 391 397 407 412 414 429 437 446 493 503 504 508 513 514 517 539 579 606 697 706
553 | 22 25 30 32 34 35 37 40 43 47 49 50 53 56 57 58 84 87 88 98 103 109 115 117 120 148 160 176 189 211 223 224 225 229 234 262 263 265 273 275 283 289 291 292 297 301 312 331 333 337 346 350 359 391 397 407 412 414 429 437 446 493 503 504 508 509 513 514 517 539 579 583 606 612 697 706
554 | 6 34 37 47 49 84 88 91 98 109 126 128 129 132 136 140 143 145 148 150 151 195 211 225 274 275 283 289 290 292 297 312 329 331 333 337 346 359 360 361 364 391 397 407 412 414 425 426 437 446 453 455 493 504 508 510 527 579 614 697 706
555 | 6 32 34 37 47 49 50 84 87 88 98 109 120 126 128 129 132 136 140 145 148 150 151 195 211 223 225 229 262 263 273 275 283 289 290 292 297 312 329 331 333 337 346 359 391 397 407 412 414 425 437 446 452 453 455 493 503 504 508 509 510 527 579 614 697 706
556 | 26 35 99 150 157 160 195 196 198 199 200 209 211 215 217 221 222 239 272 275 289 292 297 312 329 331 333 337 344 346 359 372 387 391 398 407 412 414 430 437 446 493 579 679 697
557 | 4 8 10 12 27 35 43 109 115 160 176 185 195 223 225 229 232 239 283 289 292 297 301 312 331 333 337 346 350 359 361 387 391 407 412 414 418 430 437 446 493 503 504 508 509 512 513 514 515 531 579 694 697
558 | 4 8 10 12 35 43 109 115 160 176 195 223 225 229 239 262 263 283 289 292 297 301 312 331 333 337 346 350 359 387 391 407 412 414 418 430 437 446 493 503 504 508 509 512 513 514 531 579 697
559 | 22 25 29 30 32 35 37 47 49 50 56 57 58 60 63 72 84 85 87 98 99 103 109 115 117 120 121 122 140 148 150 189 211 225 245 273 283 289 290 291 292 297 306 312 331 333 337 340 346 359 391 397 407 412 414 425 429 430 437 446 455 468 493 503 504 508 509 517 520 531 556 579 583 606 612 697 706
560 | 22 25 30 32 34 35 37 47 49 50 53 56 57 58 60 72 84 85 87 98 99 103 109 115 117 120 140 148 150 189 211 225 245 262 263 273 283 289 290 291 292 297 306 312 331 333 337 340 346 359 391 397 407 412 414 425 429 430 437 446 455 493 503 504 508 509 517 520 531 556 579 583 606 612 697 706
561 | 5 25 34 76 78 83 132 152 156 160 162 166 169 172 173 175 195 198 243 250 263 289 292 297 312 331 333 337 346 359 363 391 392 398 407 412 414 437 446 449 450 452 454 455 465 470 472 479 482 484 485 491 492 493 495 496 498 499 506 509 519 521 556 579 606 654 697 708
562 | 25 32 34 35 40 41 44 45 47 76 151 175 177 183 188 189 198 289 292 297 312 331 333 337 344 346 350 358 359 361 363 389 391 392 398 407 412 414 437 446 447 449 452 455 467 470 475 480 484 493 494 495 496 498 499 500 531 556 579 582 606 697 699 707
563 | 25 32 34 35 40 45 47 76 151 175 177 183 189 198 211 262 263 289 292 297 312 331 333 337 344 346 350 359 363 389 391 392 398 407 412 414 437 446 449 452 455 470 484 493 494 495 496 498 499 500 531 556 579 582 606 697 699 707
564 | 35 109 223 224 225 229 242 243 250 276 282 283 289 292 297 312 327 330 331 333 337 346 350 359 391 407 412 414 437 446 455 474 493 503 504 506 507 508 509 510 512 513 514 517 531 538 539 541 542 543 545 548 553 556 579 604 697
565 | 35 87 88 109 117 223 224 225 229 242 243 250 262 263 276 283 289 292 297 312 331 333 337 346 350 359 391 407 412 414 437 446 455 493 503 504 506 508 509 510 512 513 514 517 520 531 538 539 541 542 543 545 548 553 556 579 604 697
566 | 6 28 35 43 48 49 50 56 57 109 132 157 160 162 165 166 169 172 173 176 223 224 225 229 275 289 292 297 301 312 329 331 333 337 346 359 391 397 407 412 414 437 446 455 467 493 501 503 504 506 508 509 512 513 514 517 521 531 539 579 583 612 697 708
567 | 6 35 43 49 50 53 56 57 58 87 109 132 152 156 157 160 162 165 166 169 172 173 176 223 224 225 229 262 263 275 289 292 297 301 312 329 331 333 337 346 359 391 397 407 412 414 437 446 455 493 503 504 506 508 509 512 513 514 517 521 531 539 579 583 612 697 708
568 | 25 32 34 99 150 185 189 199 200 237 238 239 258 260 261 289 292 297 312 331 333 337 346 359 389 391 394 407 412 414 427 428 429 433 437 446 493 510 511 556 579 606 697 699 710
569 | 25 32 34 37 69 87 99 150 189 195 199 200 239 260 261 262 263 276 289 292 297 312 331 333 337 346 359 389 391 394 407 412 414 427 428 429 433 437 446 452 493 509 510 512 556 579 606 697 699 710
570 | 6 22 25 26 30 32 34 35 37 40 43 44 45 47 49 50 115 121 148 150 157 160 175 189 211 225 272 275 289 291 292 296 297 301 312 331 333 337 346 352 356 359 391 392 397 407 412 414 418 437 446 453 470 493 498 556 579 606 697 707
571 | 6 22 25 26 30 32 34 35 37 40 43 45 47 49 50 87 103 109 115 117 136 148 150 157 160 175 176 189 211 225 262 263 272 273 275 289 291 292 296 297 301 312 331 333 337 346 359 391 392 397 407 412 414 418 429 437 446 453 470 493 498 556 579 582 606 697 707
572 | 6 34 35 37 41 69 76 83 150 199 211 225 234 264 272 275 289 291 292 296 297 299 305 312 330 331 333 337 344 346 359 361 372 391 398 407 412 414 419 425 427 437 446 470 493 517 539 556 579 654 697
573 | 6 34 35 37 65 69 76 83 87 150 199 209 211 225 234 262 263 264 272 275 289 291 292 296 297 299 305 312 331 333 337 344 346 359 372 391 398 407 412 414 425 427 437 446 470 482 493 517 539 556 579 654 697
574 | 5 22 25 32 34 37 40 47 49 50 69 76 78 83 175 198 211 275 289 292 296 297 312 331 333 337 346 352 359 363 371 372 379 391 392 394 398 407 412 414 437 446 449 452 454 455 463 470 472 476 482 484 485 487 492 493 494 495 496 498 499 504 508 556 579 606 697
575 | 5 22 25 32 34 37 40 47 49 50 69 76 78 83 175 198 211 275 289 292 296 297 312 331 333 337 346 359 363 371 372 391 392 394 398 407 412 414 437 446 449 452 454 455 470 472 482 484 485 492 493 494 495 496 498 499 504 508 556 579 606 697
576 | 5 22 25 32 34 37 40 47 49 50 69 76 78 83 98 103 175 198 211 262 263 275 289 292 296 297 312 331 333 337 346 359 363 371 372 391 392 394 398 407 412 414 437 446 449 452 454 455 470 472 482 484 485 492 493 494 495 496 498 499 504 508 556 579 606 697 706
577 | 5 40 47 65 76 83 175 181 183 184 198 260 289 292 297 312 329 331 333 337 344 346 359 363 372 389 391 392 398 407 412 414 437 441 446 449 452 454 455 470 472 480 482 484 492 493 494 495 496 498 499 500 504 508 510 519 527 531 556 579 697 699
578 | 5 40 47 65 76 83 175 183 198 260 289 292 297 312 329 331 333 337 344 346 359 363 372 389 391 392 398 407 412 414 437 446 449 452 454 455 470 472 482 484 492 493 494 495 496 498 499 500 504 508 510 519 527 531 556 579 697 699
579 | 5 35 37 40 47 65 72 76 83 84 87 88 99 109 140 175 183 198 211 245 260 262 263 283 289 292 297 312 329 331 333 337 344 346 359 363 372 389 391 392 398 407 412 414 437 446 449 452 454 455 470 472 482 484 492 493 494 495 496 498 499 500 504 508 510 519 527 531 556 579 697 699 706
580 | 154 156 160 162 166 167 169 171 172 173 237 243 250 257 275 289 292 297 312 329 331 333 337 346 359 377 378 391 407 412 414 437 446 493 521 538 541 542 545 548 556 579 697 708
581 | 152 154 156 160 162 166 169 172 173 243 250 257 262 263 275 289 292 297 312 329 331 333 337 346 359 391 407 412 414 437 446 493 521 538 541 542 545 548 556 579 697 708
582 | 5 49 82 242 243 249 250 251 252 253 257 260 275 289 292 297 312 331 333 335 337 346 359 391 407 412 414 437 446 480 482 484 493 519 530 531 548 556 579 604 697
583 | 5 49 82 242 243 249 250 251 257 260 275 289 292 297 312 331 333 337 346 359 391 407 412 414 437 446 482 484 493 519 531 548 556 579 604 697
584 | 5 49 82 242 243 249 250 251 257 260 262 263 275 289 292 297 312 331 333 337 346 359 391 407 412 414 437 446 482 484 493 519 531 548 556 579 604 697
585 | 41 70 83 150 157 175 195 198 199 200 211 215 221 222 264 265 289 290 291 292 297 305 312 331 333 335 337 346 347 359 363 387 388 391 398 407 412 414 425 437 446 466 482 493 556 579 697
586 | 1 70 83 109 150 157 175 195 198 199 200 211 221 222 262 263 264 265 289 290 291 292 297 301 305 312 331 333 337 346 347 359 363 387 391 398 407 412 414 418 425 437 446 482 493 556 579 697
587 | 5 6 35 37 49 65 69 70 73 76 77 78 80 83 159 160 165 166 169 172 173 181 264 289 292 296 297 301 312 331 333 337 346 347 353 359 363 372 391 407 412 414 421 437 446 482 493 517 556 579 580 697 708 737
588 | 1 4 5 8 10 12 29 33 35 115 160 198 200 226 265 289 290 292 294 297 301 307 312 331 333 337 346 359 391 400 407 412 414 418 430 437 446 493 531 556 579 697 699
589 | 1 4 5 8 10 12 35 87 109 115 160 198 200 226 262 263 265 289 290 292 297 301 307 312 331 333 337 346 359 391 407 412 414 418 430 437 446 493 520 531 556 579 697 699
590 | 22 32 150 195 198 199 200 211 220 221 222 276 289 292 297 312 331 333 337 344 346 357 359 361 363 369 387 391 407 412 414 429 433 437 443 445 446 493 510 556 579 697 710
591 | 22 32 150 195 198 199 200 211 221 222 262 263 276 289 292 297 312 331 333 337 344 346 359 363 387 391 407 412 414 429 433 437 443 446 493 510 556 579 697 710
592 | 25 49 76 151 175 177 183 184 189 198 200 242 243 250 257 259 289 292 297 312 322 326 331 333 337 346 359 363 389 391 392 393 398 407 412 414 428 429 437 441 446 449 452 484 493 498 499 538 541 542 543 545 548 556 579 582 604 606 654 697
593 | 25 49 76 151 175 177 183 189 198 200 242 243 250 257 262 263 289 292 297 312 322 331 333 337 346 359 363 389 391 392 398 407 412 414 428 429 437 446 449 452 484 493 498 499 538 541 542 543 545 548 556 579 582 604 606 654 697
594 | 35 157 175 242 243 250 257 259 289 292 297 312 331 333 337 346 359 361 372 389 391 392 396 398 407 412 414 421 424 437 446 452 463 470 482 484 493 538 541 542 543 545 548 553 556 579 604 697
595 | 4 5 8 10 12 14 20 26 29 33 34 69 70 73 76 77 78 80 82 83 157 198 200 273 289 292 297 301 312 331 333 337 346 351 358 359 363 391 407 412 414 430 431 437 440 443 446 482 493 556 579 580 697 699
596 | 4 5 8 10 12 20 26 34 65 69 70 73 76 77 78 80 82 83 157 198 200 262 263 273 289 292 297 301 312 331 333 337 346 359 363 391 407 412 414 430 437 443 446 482 493 556 579 580 697 699
597 | 32 35 43 69 82 83 109 150 195 198 199 200 209 217 222 239 260 261 273 289 292 297 312 329 331 333 337 359 363 387 391 407 412 414 430 437 438 446 472 493 510 512 514 519 520 527 531 579 697
598 | 32 35 43 65 69 82 83 109 150 160 176 195 198 199 200 209 211 222 229 239 260 261 262 263 283 289 292 297 301 312 329 331 333 337 350 359 363 387 391 407 412 414 418 430 437 446 472 493 510 512 513 514 519 520 527 531 579 697
599 | 5 67 69 70 73 76 78 82 83 109 263 275 289 292 297 312 322 331 333 337 359 391 394 407 412 414 437 446 472 484 493 512 513 519 531 533 579 697
600 | 5 67 69 70 73 76 78 82 83 109 263 275 289 292 297 312 322 331 333 337 359 391 394 407 412 414 437 446 472 484 493 512 513 519 531 533 579 697
601 | 5 65 67 69 70 73 76 78 82 83 109 262 263 275 289 292 297 312 322 331 333 337 359 391 394 407 412 414 437 446 472 484 493 499 512 513 519 531 533 579 697
602 | 78 82 83 580
603 | 5 6 35 65 67 69 70 73 76 78 82 83 157 165 200 289 290 292 297 312 322 331 333 337 340 346 359 363 391 407 412 414 437 443 446 482 493 517 519 539 556 579 580 697
604 | 5 6 35 43 53 56 57 58 65 67 69 70 72 73 76 78 82 83 84 88 98 99 109 136 140 157 165 200 211 262 263 283 285 289 290 292 297 301 312 322 331 333 337 340 346 359 363 391 397 407 412 414 437 443 446 482 493 504 508 517 519 539 556 579 580 697 706
605 | 5 25 34 40 45 47 69 76 78 83 175 181 198 275 289 290 292 297 305 312 331 333 337 344 346 358 359 363 389 391 392 394 398 407 412 414 437 446 449 452 454 455 467 469 470 471 472 474 482 484 489 492 493 494 495 496 497 498 499 500 504 508 521 556 579 606 697
606 | 5 25 34 40 45 47 69 76 78 83 175 198 262 263 275 289 290 292 297 305 312 331 333 337 344 346 359 363 389 391 392 394 398 407 412 414 437 446 449 452 454 455 467 470 472 482 484 492 493 494 495 496 498 499 500 504 508 521 556 579 606 697
607 | 25 32 34 40 49 76 126 128 132 136 145 148 150 151 175 183 189 195 198 258 289 292 297 312 331 333 337 346 352 359 361 363 389 391 392 398 407 412 414 434 437 441 446 449 452 470 488 493 496 498 499 579 582 606 614 697
608 | 25 32 34 40 49 76 126 128 132 136 145 148 150 151 175 183 189 195 198 289 292 297 312 331 333 337 346 359 363 389 391 392 398 407 412 414 437 446 449 452 470 493 496 498 499 579 582 606 614 697
609 | 25 32 34 40 49 76 126 128 132 136 145 148 150 151 175 183 189 195 198 262 263 289 292 297 312 331 333 337 346 359 363 389 391 392 398 407 412 414 437 446 449 452 470 493 496 498 499 579 582 606 614 697
610 | 4 27 32 37 43 49 52 53 56 57 60 76 88 109 115 118 148 150 160 225 262 281 283 289 292 297 301 307 312 329 331 333 337 346 359 361 364 370 391 397 407 412 414 418 430 437 446 493 508 517 539 556 579 583 612 697
611 | 4 32 37 43 49 52 53 56 57 58 60 76 88 109 115 117 148 150 160 176 225 262 273 283 289 292 297 301 307 312 329 331 333 337 346 359 391 397 407 412 414 418 430 437 446 493 508 517 539 556 579 583 612 697
612 | 4 32 37 43 49 52 53 56 57 58 60 76 87 88 98 109 115 117 148 150 160 176 211 223 225 229 262 263 273 283 289 292 297 301 307 312 329 331 333 337 346 359 391 397 407 412 414 418 430 437 446 493 504 508 517 520 538 539 556 579 583 612 697
613 | 27 31 37 43 84 88 109 117 160 176 211 225 242 243 245 249 250 251 257 283 289 292 296 297 301 305 312 331 333 337 346 359 360 391 407 412 414 426 437 446 493 508 538 545 548 556 579 604 641 697 706
614 | 37 43 49 84 87 88 98 109 117 120 160 176 211 225 229 242 243 245 249 250 251 257 262 263 273 283 289 292 296 297 301 305 312 331 333 337 346 359 391 397 407 412 414 418 437 446 493 503 504 508 538 541 545 548 556 579 604 697 706
615 | 5 35 165 169 195 242 243 250 251 257 260 263 289 292 297 312 322 331 333 337 346 359 391 407 412 414 430 437 446 482 484 492 493 506 519 531 548 556 579 604 697
616 | 5 8 10 33 198 200 234 239 265 276 289 292 297 312 314 331 333 337 346 347 359 360 361 383 391 407 412 414 429 433 437 443 446 473 493 556 579 697 699
617 | 5 6 8 10 35 87 198 200 234 239 262 263 265 276 289 292 297 299 312 331 333 337 346 347 359 391 407 412 414 429 433 437 443 446 493 513 556 579 697 699
618 | 22 32 65 69 73 74 76 77 82 83 157 181 185 189 223 224 225 229 234 275 289 292 297 312 329 331 333 337 346 359 363 378 389 391 395 407 412 414 426 428 429 437 446 493 503 504 508 513 514 538 539 542 548 556 579 580 689 697 699
619 | 6 32 35 37 49 60 84 85 87 93 98 99 100 103 109 117 120 150 157 160 165 211 225 283 289 291 292 297 298 299 306 312 314 331 333 337 346 347 359 361 372 378 391 392 407 412 414 418 425 430 437 446 467 470 492 493 494 503 504 508 556 579 697 706
620 | 6 32 35 37 49 60 84 85 87 93 98 99 103 109 117 120 150 157 160 165 211 225 262 263 273 283 289 291 292 297 299 306 312 331 333 337 346 347 359 372 391 392 407 412 414 418 425 430 437 446 470 492 493 494 503 504 508 556 579 697 706
621 | 25 26 29 30 32 33 37 43 47 49 50 52 53 56 57 58 72 75 76 78 87 88 109 132 136 140 142 148 150 160 176 223 225 229 262 263 273 283 285 289 291 292 297 301 312 331 333 337 346 359 367 391 397 407 412 414 427 429 436 437 446 493 504 508 509 514 517 519 520 525 538 539 556 579 583 606 612 697 706
622 | 5 34 37 72 76 84 87 88 90 98 99 103 109 117 140 175 183 211 223 224 229 234 243 245 250 273 280 283 289 292 297 312 331 333 337 350 359 363 391 398 407 412 414 437 446 452 472 484 493 496 504 508 510 512 514 527 531 556 579 582 697 706
623 | 5 34 37 69 72 76 78 84 87 88 90 98 99 103 109 117 140 156 175 183 195 211 223 224 229 234 243 245 250 262 263 273 280 283 289 292 297 312 331 333 337 350 359 363 391 398 407 412 414 437 446 452 455 472 484 493 496 503 504 508 510 512 514 519 527 531 556 579 582 697 706
624 | 4 12 22 25 26 30 32 33 34 35 37 40 43 47 49 50 60 82 83 98 103 104 109 117 122 160 176 189 211 225 289 290 291 292 297 301 307 312 331 333 337 346 359 379 391 407 412 414 418 430 437 446 458 493 494 508 512 513 514 520 531 556 579 606 697 706
625 | 4 12 22 25 26 30 32 34 35 37 40 43 47 49 50 60 82 83 87 98 103 109 117 160 176 189 211 225 262 263 273 289 290 291 292 297 301 307 312 331 333 337 346 359 391 407 412 414 418 430 437 446 493 494 503 508 512 513 514 520 531 556 579 606 697 706
626 | 1 32 49 53 70 88 109 150 160 223 229 230 234 262 271 273 275 283 289 290 291 292 295 297 301 312 329 331 333 337 346 359 391 407 412 414 418 425 430 437 446 455 468 493 503 504 508 520 538 556 579 696 697
627 | 6 43 88 109 120 132 150 156 160 162 163 166 169 172 173 176 283 285 289 291 292 297 301 312 331 333 337 346 359 391 407 412 414 425 437 446 493 504 508 521 556 579 697 708
628 | 6 43 88 109 120 132 150 152 156 160 162 163 166 169 172 173 176 262 263 283 285 289 291 292 297 301 312 331 333 337 346 359 391 407 412 414 425 437 446 455 493 504 508 521 556 579 697 708
629 | 6 22 25 30 32 34 35 40 41 45 47 49 50 109 132 148 150 156 160 162 166 169 172 173 175 289 291 292 297 301 312 331 333 337 346 350 359 379 391 392 399 407 412 414 437 446 493 508 521 556 579 606 697 707 708
630 | 6 22 25 30 32 34 35 40 45 47 49 50 109 132 148 150 152 156 160 162 166 169 172 173 175 262 263 289 291 292 297 301 312 331 333 337 346 350 359 391 392 407 412 414 437 446 493 508 521 556 579 606 697 707 708
631 | 8 26 27 29 33 34 35 37 43 47 49 72 84 87 88 109 117 128 129 132 136 140 148 150 151 160 176 185 195 200 225 262 273 276 289 292 297 301 312 322 325 331 333 337 346 359 391 394 407 412 414 421 437 443 446 493 508 556 579 614 696 697 706
632 | 4 8 10 12 29 43 75 83 88 109 160 176 198 225 262 273 283 289 291 292 297 301 312 329 331 333 337 346 347 359 361 391 400 407 412 414 437 446 493 503 504 508 512 513 519 520 531 579 697
633 | 25 31 34 49 50 52 53 56 58 75 76 83 88 109 142 148 150 181 189 224 248 272 275 276 283 289 290 292 297 312 313 331 333 337 346 359 391 392 397 400 407 412 414 425 437 446 455 493 501 539 556 579 582 583 606 612 697 707
634 | 25 34 49 50 52 53 56 58 76 83 88 109 148 150 189 224 272 275 276 283 289 290 292 297 312 331 333 337 346 359 391 392 397 407 412 414 425 437 446 455 493 539 556 579 582 583 606 612 697 707
635 | 5 6 25 32 34 49 50 52 53 56 58 76 78 83 87 88 109 128 132 136 148 150 156 165 166 169 172 173 189 223 224 229 262 263 272 275 276 283 289 290 292 297 305 312 331 333 337 346 359 391 392 397 407 412 414 425 437 446 455 492 493 503 504 508 517 519 521 538 539 556 579 582 583 606 612 614 697 707 708
636 | 5 6 8 9 10 20 70 82 126 128 129 132 136 145 148 150 151 165 195 200 265 289 292 297 312 331 333 337 359 361 366 370 386 391 398 407 412 414 437 446 452 455 470 482 493 579 614 697
637 | 5 6 8 9 10 20 70 82 126 128 129 132 136 145 148 150 151 154 156 160 165 166 169 172 173 195 200 262 263 265 289 292 297 312 331 333 337 359 386 391 398 407 412 414 430 437 446 452 455 470 482 493 579 614 697 708
638 | 4 43 49 73 82 83 87 88 109 157 160 262 263 273 283 289 291 292 297 301 307 312 331 333 337 350 359 372 391 392 397 398 407 412 414 418 425 430 437 446 455 470 492 493 503 512 513 514 519 520 531 579 697
639 | 4 49 87 88 109 160 223 224 229 262 263 273 283 289 291 292 297 301 307 312 331 333 337 350 359 372 391 392 397 398 407 412 414 418 425 430 437 446 455 470 492 493 503 504 508 509 512 513 514 520 579 697
640 | 4 49 87 88 109 150 157 160 195 198 199 200 211 221 222 262 263 273 283 289 291 292 297 301 307 312 331 333 337 350 359 363 372 387 391 392 397 398 407 412 414 418 425 437 446 455 470 482 492 493 503 579 697
641 | 6 22 25 32 34 35 37 40 49 50 87 88 98 109 120 132 148 154 156 160 163 165 169 173 211 250 262 263 275 283 289 292 297 312 331 333 337 346 359 391 407 412 414 428 429 437 446 452 453 493 494 509 517 556 579 606 697 708
642 | 6 22 25 32 34 35 37 40 45 49 50 65 69 70 72 73 76 77 78 83 87 88 98 109 120 148 156 163 169 211 262 263 275 283 289 292 297 312 331 333 337 346 359 391 407 412 414 428 429 437 446 452 493 494 509 517 519 556 579 580 606 697
643 | 32 37 43 52 53 56 57 58 87 109 126 127 128 132 136 145 148 150 151 156 166 169 172 173 175 176 195 224 262 263 272 283 289 292 297 301 305 312 331 333 337 359 391 398 407 412 414 437 446 452 453 455 482 492 493 503 504 506 508 521 579 583 612 614 697 708
644 | 5 32 37 43 52 53 56 57 58 64 65 69 70 72 73 76 78 82 83 87 109 156 166 169 172 173 175 176 224 262 263 272 283 289 292 297 301 305 312 331 333 337 359 363 391 398 407 412 414 437 446 452 455 482 492 493 503 504 506 508 519 521 556 579 580 583 612 697 708
645 | 6 32 35 37 53 87 88 98 109 120 156 169 211 223 224 225 229 260 262 263 283 289 292 297 312 331 333 337 346 350 359 391 407 412 414 418 428 429 437 446 452 453 470 472 493 494 503 504 508 509 512 513 514 517 579 697
646 | 5 32 37 43 52 53 56 57 58 87 109 150 156 166 172 175 176 224 242 243 250 257 262 263 272 283 289 292 297 301 305 312 329 331 333 337 359 391 398 407 412 414 437 446 452 455 482 492 493 503 504 506 508 519 520 521 556 579 604 612 697
647 | 4 49 87 88 95 109 157 160 250 257 262 263 264 283 289 291 292 296 297 301 307 312 329 331 333 337 359 372 391 392 397 398 407 412 414 418 425 430 437 446 470 492 493 503 538 539 542 548 556 579 697
648 | 5 6 32 35 37 40 43 47 60 65 69 72 76 78 83 84 87 98 99 103 109 117 140 150 165 175 176 198 211 245 262 263 264 272 275 283 286 289 291 292 296 297 305 312 331 333 337 359 363 371 372 391 392 394 398 407 412 414 425 437 446 449 452 454 455 470 472 482 484 485 493 494 495 496 498 499 500 503 556 579 654 697 706
649 | 4 5 6 8 10 12 25 43 65 67 69 76 77 78 82 83 136 137 145 156 160 176 195 198 200 242 243 260 261 262 263 264 273 278 289 292 297 312 331 333 337 359 363 391 394 407 412 414 427 437 446 452 455 472 482 484 492 493 512 519 520 531 533 579 604 606 697 699
650 | 32 37 49 60 72 84 88 98 99 103 109 117 120 122 150 160 176 185 195 198 199 200 206 211 221 222 225 229 239 276 283 289 291 292 297 301 312 329 331 333 337 340 346 348 357 359 363 372 387 389 391 397 407 412 414 418 425 429 430 437 446 455 492 493 503 504 508 509 510 517 520 527 531 579 697 706
651 | 32 37 43 49 60 72 84 88 98 99 103 109 117 120 150 160 176 195 198 199 200 206 211 221 222 225 229 239 276 283 289 291 292 297 301 312 329 331 333 337 340 346 359 363 372 387 389 391 397 407 412 414 418 425 429 430 437 446 455 492 493 503 504 508 509 510 517 520 527 531 579 697 706
652 | 32 37 43 49 57 60 72 84 87 88 98 99 103 109 117 120 150 160 176 190 195 198 199 200 206 211 221 222 223 225 229 239 262 263 276 283 289 291 292 297 301 312 329 331 333 337 340 346 350 359 363 372 387 389 391 397 407 412 414 418 425 429 430 437 446 455 492 493 503 504 508 509 510 517 520 527 531 579 697 706
653 | 22 34 40 126 128 132 136 144 145 148 150 151 195 211 289 292 296 297 301 305 312 331 333 337 346 359 391 392 398 407 412 414 424 425 437 446 449 452 454 479 482 484 485 493 517 556 579 614 697 706
654 | 22 34 40 47 72 76 117 126 128 132 136 140 144 145 148 150 151 195 211 289 292 296 297 301 305 312 331 333 337 346 359 391 392 394 398 407 412 414 424 425 437 446 449 452 454 455 479 482 484 485 493 495 498 500 517 556 579 614 697 706
655 | 5 22 34 40 47 72 76 117 124 126 128 132 136 140 144 145 148 150 151 175 195 211 262 263 289 292 296 297 301 305 312 331 333 337 346 359 391 392 394 398 407 412 414 424 425 437 446 449 452 454 455 470 479 482 484 485 493 494 495 498 499 500 517 556 579 614 654 697 706
656 | 6 34 37 47 49 109 157 160 165 189 211 225 237 242 243 250 283 289 292 297 301 305 312 331 333 337 346 349 351 359 383 391 407 412 414 425 437 446 447 493 494 504 508 509 538 541 542 543 548 549 556 558 579 604 697 706
657 | 6 25 34 37 47 49 109 117 157 160 165 189 211 225 242 243 245 250 283 289 292 297 301 305 312 331 333 337 346 359 391 407 412 414 425 427 437 446 493 494 504 508 509 538 541 542 543 548 549 556 579 604 606 697 706
658 | 6 25 34 37 47 49 109 117 157 160 165 189 211 225 239 242 243 245 250 262 263 283 289 292 297 301 305 312 331 333 337 346 359 391 407 412 414 425 427 437 446 453 493 494 504 508 509 534 538 541 542 543 548 549 556 579 582 604 606 697 706 731
659 | 6 32 34 37 50 70 98 109 120 157 211 223 225 229 239 264 283 289 292 297 301 312 329 331 333 337 340 346 357 359 387 391 394 407 412 414 425 429 437 446 493 503 504 508 509 510 513 517 520 538 697 706
660 | 6 22 32 34 35 37 47 50 70 72 84 88 98 109 117 120 140 157 211 223 224 225 229 234 239 245 262 263 264 275 283 289 292 297 301 312 329 331 333 337 340 346 359 387 391 394 407 412 414 418 425 427 429 437 443 446 493 503 504 508 509 510 513 517 520 538 697 706
661 | 6 34 47 49 122 126 132 145 150 156 160 165 166 169 172 173 289 292 297 312 331 333 337 346 359 391 407 412 414 418 425 437 446 493 521 697 708
662 | 6 34 47 49 126 128 132 136 145 148 150 151 156 160 165 166 169 172 173 289 292 297 312 331 333 337 346 359 391 407 412 414 418 425 437 446 493 521 614 697 708
663 | 6 34 43 47 49 120 126 128 129 132 136 145 148 150 151 156 160 165 166 169 172 173 195 262 263 289 292 297 312 331 333 337 346 359 391 407 412 414 418 425 446 493 521 614 697 708
664 | 8 18 20 220 445
665 | 8 20 77 391 531
666 | 5 6 8 9 10 20 34 77 150 154 160 165 166 169 172 173 195 198 200 262 263 289 292 297 312 329 331 333 337 346 359 363 391 392 398 407 412 414 437 446 449 452 470 482 493 556 697 699 708 732
667 | 25 30 32 34 47 49 70 109 126 128 129 132 136 145 147 148 150 151 195 225 229 272 283 289 290 291 292 297 305 312 329 331 333 337 346 359 362 372 391 397 407 412 414 425 426 437 446 493 517 556 606 614 697
668 | 25 30 32 34 47 49 70 109 126 128 129 132 136 145 148 150 151 157 195 225 229 262 263 272 283 289 290 291 292 297 305 312 329 331 333 337 346 359 372 391 397 407 412 414 425 437 446 493 517 556 606 614 697
669 | 9 150 195 198 199 200 211 221 222 289 292 296 297 305 312 329 331 333 337 344 346 351 352 356 359 363 371 372 387 391 398 407 412 414 424 437 446 452 470 484 493 556 582 654 697
670 | 9 150 195 198 199 200 211 221 222 289 292 296 297 305 312 329 331 333 337 344 346 359 363 371 372 387 391 398 407 412 414 424 437 446 452 470 484 493 556 582 654 697
671 | 9 150 169 195 198 199 200 211 221 222 262 263 289 292 296 297 305 312 329 331 333 337 344 346 359 363 371 372 387 391 398 407 412 414 424 437 446 452 470 482 484 493 556 582 654 697
672 | 32 70 98 109 120 150 195 198 199 200 211 221 222 225 229 265 283 289 291 292 297 312 331 333 337 346 357 359 381 387 391 397 407 412 414 425 437 446 455 493 504 510 517 538 556 697
673 | 32 70 88 98 109 120 150 157 160 195 198 199 200 211 221 222 223 225 229 262 263 265 283 289 291 292 297 312 331 333 337 346 359 387 391 397 407 412 414 425 437 446 455 493 504 510 517 538 556 697
674 | 22 25 32 35 37 46 47 50 60 72 84 88 98 99 103 109 110 117 120 122 140 150 160 176 189 211 225 229 245 272 275 276 283 289 291 292 296 297 301 305 307 312 329 331 333 337 346 350 359 372 378 391 397 407 412 414 418 425 427 429 437 446 455 493 503 504 508 520 538 556 606 697 706
675 | 4 22 25 30 32 34 35 37 40 43 46 47 49 50 53 57 60 72 84 87 88 98 99 103 109 117 120 140 150 160 176 189 211 223 225 229 245 262 263 272 275 276 283 289 291 292 296 297 301 305 307 312 329 331 333 337 346 350 359 372 391 397 407 412 414 418 425 427 429 430 437 446 455 493 503 504 508 520 538 556 582 606 697 699 706
676 | 6 25 26 30 70 78 83 109 150 211 225 262 264 272 275 289 290 291 292 297 305 312 329 331 333 337 346 352 359 363 372 382 391 396 397 407 412 414 425 437 446 455 493 494 517 538 556 606 697
677 | 5 25 32 47 50 69 76 78 83 150 198 289 292 296 297 301 305 306 312 331 333 337 345 346 359 363 371 372 391 392 394 398 407 412 414 425 426 437 446 449 452 454 455 469 470 472 482 484 485 492 493 494 498 499 500 517 556 606 697
678 | 5 25 26 32 47 50 69 76 78 83 150 175 198 225 262 263 289 292 296 297 301 305 306 312 331 333 337 346 359 363 371 372 391 392 394 398 407 412 414 425 437 446 449 452 453 454 455 470 472 482 484 485 492 493 494 498 499 500 517 556 606 697 706
679 | 12 76 82 98 109 160 176 180 186 189 289 291 292 301 307 312 331 333 337 344 346 359 391 407 412 414 418 437 446 492 493 504 515 519 520 527 531 532 556 582 697
680 | 12 76 82 98 109 160 176 189 289 291 292 301 307 312 331 333 337 344 346 359 391 407 412 414 418 437 446 492 493 504 519 520 527 531 556 582 697
681 | 12 76 82 98 109 150 160 175 176 189 262 263 289 291 292 297 301 307 312 331 333 337 344 346 350 359 391 407 412 414 418 437 446 492 493 504 519 520 527 531 556 582 697
682 | 9 50 69 78 150 198 289 292 296 297 305 312 329 331 333 337 344 346 352 358 359 363 371 372 391 392 396 407 412 414 424 437 446 449 452 470 482 484 492 493 495 499 519 527 556 582 654 697
683 | 9 50 65 69 78 99 150 198 262 263 289 292 296 297 305 312 329 331 333 337 344 346 359 363 371 372 391 392 407 412 414 424 437 446 449 452 454 470 482 484 492 493 495 499 519 527 556 582 654 697
684 | 34 69 136 150 198 289 292 296 297 312 329 331 333 337 344 346 348 356 359 363 371 372 391 392 398 407 412 414 424 426 437 443 446 449 452 470 482 484 493 538 556 582 654 697
685 | 34 69 99 136 150 198 262 263 289 292 296 297 312 329 331 333 337 344 346 359 363 371 372 391 392 398 407 412 414 424 437 443 446 449 452 470 482 484 493 538 556 582 654 697
686 | 22 25 32 34 35 37 40 42 47 49 50 69 88 136 150 160 186 189 289 291 292 297 301 312 322 331 333 337 346 351 359 363 391 392 403 407 412 414 437 446 452 470 479 482 488 492 493 494 499 504 556 582 606 697 707 731
687 | 5 22 25 32 34 35 37 40 47 49 50 69 88 136 150 160 189 262 263 289 291 292 297 301 312 322 331 333 337 346 350 359 363 391 392 407 412 414 437 446 452 454 470 479 482 492 493 494 499 504 556 582 606 697 707
688 | 4 12 32 34 37 40 43 48 49 50 60 98 109 160 176 211 223 225 229 234 242 243 250 283 289 292 297 301 307 312 329 331 333 337 346 359 372 387 391 398 407 412 414 418 421 428 429 430 437 446 493 503 504 506 508 509 512 513 514 531 538 542 548 556 558 579 604 697 699 706
689 | 4 12 32 34 37 40 43 49 50 57 60 87 88 98 109 117 120 160 176 211 223 224 225 229 234 242 243 250 262 263 283 289 292 297 301 307 312 329 331 333 337 346 359 372 387 391 398 407 412 414 418 428 429 430 437 446 493 503 504 506 508 509 512 513 514 531 538 542 548 556 579 604 697 699 706
690 | 53 56 69 76 157 175 250 257 258 289 292 297 312 331 333 337 346 359 391 407 412 414 427 428 429 433 437 441 446 447 493 517 538 539 541 542 543 548 556 641 693 697 710
691 | 52 53 56 58 61 65 69 76 87 157 175 250 257 262 263 289 292 297 312 331 333 337 346 359 391 407 412 414 427 428 429 433 437 446 493 517 538 539 541 542 543 548 556 612 697 710
692 | 6 56 157 243 250 289 292 297 301 312 331 333 337 346 359 361 362 372 391 407 412 414 418 428 429 433 437 446 493 504 509 517 519 538 539 540 541 542 543 548 550 556 604 697
693 | 6 25 56 87 93 157 175 243 250 262 263 289 292 297 301 312 331 333 337 346 359 372 391 407 412 414 418 428 429 433 437 446 493 504 509 517 519 538 539 541 542 543 548 556 604 606 697
694 | 5 6 25 58 65 69 70 73 76 77 78 82 83 103 211 225 229 234 289 292 297 301 312 331 333 337 346 351 359 363 367 391 392 407 412 414 437 446 466 482 493 504 508 513 517 538 556 580 606 681 697
695 | 5 6 25 56 58 65 69 70 72 73 76 77 78 82 83 87 103 117 140 211 225 229 234 262 263 272 289 292 297 301 312 331 333 337 346 359 363 391 392 407 412 414 437 446 482 493 504 508 513 517 538 556 580 606 612 697
696 | 25 43 52 53 56 57 58 63 75 88 98 109 142 150 160 185 223 224 225 229 248 272 283 289 292 297 312 331 333 337 346 350 359 391 397 407 412 414 435 437 446 455 493 503 504 506 508 512 513 514 517 520 531 583 606 612 697
697 | 25 43 52 53 56 57 58 88 98 109 150 160 223 224 225 229 262 263 272 283 289 292 297 312 331 333 337 346 350 359 391 397 407 412 414 437 446 455 493 503 504 506 508 512 513 514 517 520 531 583 606 612 697
698 | 25 53 58 69 71 78 82 83 109 224 229 242 243 249 250 251 257 258 263 272 289 292 297 305 312 331 333 337 346 359 363 387 391 392 397 398 407 412 414 437 446 449 455 463 469 470 482 492 493 503 504 506 508 512 513 514 517 519 520 531 539 548 556 583 604 606 697
699 | 25 53 58 65 69 78 82 83 109 223 224 229 242 243 249 250 251 257 262 263 272 289 292 297 305 312 331 333 337 346 359 363 387 391 392 397 398 407 412 414 437 446 449 452 455 470 482 492 493 503 504 506 508 512 513 514 517 519 520 531 539 548 556 583 604 606 697
700 | 150 175 225 262 263 264 265 272 276 289 291 292 296 297 299 301 305 312 331 333 337 346 347 359 363 371 372 391 392 398 407 412 414 424 425 437 446 454 470 482 484 492 493 495 517 556 582 654 697 730
701 | 4 6 32 37 43 49 50 60 72 84 85 87 88 98 99 103 109 117 120 122 140 150 152 156 157 160 163 165 166 169 172 173 211 225 237 262 264 283 289 291 292 297 301 307 312 329 331 333 337 346 347 359 362 372 378 391 407 412 414 418 425 430 437 446 455 466 467 493 503 504 508 520 521 556 579 697 706 708
702 | 5 6 34 37 65 69 70 72 73 76 77 78 82 83 150 160 211 225 262 264 289 291 292 296 297 301 312 331 333 335 337 340 346 359 363 372 391 394 407 412 414 437 446 493 517 556 580 582 654 689 697
703 | 82 150 224 257 260 289 292 296 297 312 331 333 337 344 359 363 387 391 392 398 407 412 414 437 446 452 470 472 482 484 492 493 495 499 500 503 504 506 508 509 512 513 514 527 531 582 654 697
704 | 52 53 56 69 76 115 150 185 276 289 292 297 312 331 333 337 346 359 361 391 407 412 414 428 429 436 437 441 446 493 504 517 548 556 612 697 699
705 | 52 53 56 69 76 115 150 242 243 276 289 292 297 312 331 333 337 346 359 391 407 412 414 428 429 437 446 493 504 517 548 556 604 612 697 699
706 | 52 53 56 58 65 69 72 76 84 87 88 109 115 128 136 140 148 150 223 229 242 243 257 262 263 276 283 289 292 297 312 331 333 337 346 359 391 407 412 414 428 429 437 446 493 504 517 539 548 556 604 612 614 697 699
707 | 22 34 48 50 82 83 150 169 239 262 263 264 289 292 296 297 301 312 331 333 337 346 359 375 391 392 394 398 407 412 414 437 446 452 454 470 482 484 485 492 493 519 531 556 582 654 697
708 | 22 25 34 109 150 151 175 176 187 189 195 198 199 200 211 222 225 229 283 289 292 297 301 312 331 333 337 346 349 359 387 389 391 398 407 412 414 430 437 446 449 452 480 484 492 493 494 495 498 499 504 582 606 693 697 707
709 | 4 22 25 34 43 87 99 109 150 151 175 176 189 195 198 199 200 211 222 223 225 229 262 263 283 289 292 297 301 312 331 333 337 346 350 359 387 389 391 398 407 412 414 430 437 446 449 452 470 484 492 493 494 495 498 499 504 582 606 697 706 707
710 | 22 25 34 78 109 128 136 145 148 150 151 175 186 189 195 198 199 200 209 211 221 222 260 289 292 297 331 333 337 346 349 358 359 363 387 389 391 398 407 412 414 429 437 446 449 452 482 484 493 494 495 498 499 504 527 582 606 614 697 707
711 | 22 25 34 78 87 109 128 136 145 148 150 151 175 189 195 198 199 200 209 211 221 222 260 262 263 289 292 297 331 333 337 346 359 363 387 389 391 398 407 412 414 429 437 446 449 452 482 484 493 494 495 498 499 504 527 582 606 614 697 707
712 | 109 242 243 249 250 251 257 259 265 283 289 292 297 312 331 333 337 344 346 359 363 391 393 398 407 412 414 437 446 463 469 493 503 504 508 512 519 527 531 538 548 556 604 697
713 | 88 109 223 229 242 243 249 250 251 257 262 263 265 276 283 289 292 297 312 331 333 337 344 346 350 359 363 391 397 398 407 412 414 437 446 493 503 504 508 512 519 520 527 531 538 548 556 604 697
714 | 4 6 9 25 34 47 48 49 50 52 53 56 70 98 132 150 152 154 156 160 165 166 169 172 173 175 176 195 272 275 289 292 297 301 305 312 331 333 337 340 346 359 391 407 412 414 437 446 449 452 493 517 521 548 579 583 606 612 634 697 708
715 | 4 6 9 25 34 43 47 49 50 52 53 56 57 70 87 98 132 136 150 152 154 156 160 165 166 169 172 173 175 176 195 262 263 272 275 289 292 297 301 305 312 331 333 337 340 346 359 391 407 412 414 437 446 449 452 493 517 521 548 579 583 606 612 634 697 708
716 | 1 9 53 65 69 83 87 150 169 211 257 262 263 272 289 292 297 301 305 312 329 331 333 337 350 359 363 387 391 392 397 407 412 414 437 446 452 454 455 470 472 482 492 493 500 504 519 556 579 582 654 697
717 | 6 9 22 25 26 30 34 35 40 43 49 50 57 87 132 150 152 154 156 160 163 165 166 169 172 173 175 176 262 263 272 289 292 297 301 312 331 333 337 350 359 391 407 412 414 437 446 449 452 455 493 504 521 556 579 582 606 697 708
718 | 52 53 56 58 63 76 87 88 98 109 150 189 211 223 224 225 229 262 263 272 278 283 289 292 297 312 322 331 333 337 350 359 389 391 398 407 412 414 428 437 446 455 493 503 504 513 517 579 612 697 702 703 716
719 | 82 150 224 257 260 262 263 264 289 292 296 297 312 329 331 333 337 344 359 363 371 372 387 391 392 398 407 412 414 437 446 452 454 470 472 482 492 493 495 499 500 503 504 506 508 509 512 513 514 527 531 582 654 697
720 | 5 22 25 34 35 37 40 45 46 47 49 50 60 69 72 76 78 83 84 87 98 99 140 150 175 198 211 245 262 263 264 275 289 292 296 297 312 331 333 337 350 359 363 391 392 394 398 407 412 414 427 437 446 449 452 454 455 470 472 482 484 485 492 493 494 495 498 499 500 556 582 606 697 706
721 | 37 87 88 98 109 126 128 129 132 136 145 148 150 151 169 195 223 224 229 260 262 263 276 283 289 292 297 301 312 331 333 337 359 391 397 407 412 414 428 429 437 446 493 503 504 509 513 519 527 542 548 614 697
722 | 65 83 119 152 156 223 242 243 265 301 412 418 446 452 493
727 | 5 9 25 32 40 49 50 76 78 83 150 175 195 198 222 250 272 273 276 283 289 297 305 312 331 333 337 346 352 359 371 372 382 389 391 392 394 398 407 412 414 427 429 433 437 446 449 452 454 455 467 470 472 479 482 484 485 492 493 494 495 498 499 500 606 654 697 707
728 | 5 9 25 32 40 49 50 69 76 78 83 150 175 195 198 199 222 250 272 273 276 283 289 297 305 312 331 333 337 346 352 359 371 372 382 389 391 392 394 398 407 412 414 427 429 433 437 446 449 452 454 455 467 470 472 479 482 484 485 492 493 494 495 498 499 500 508 517 582 606 654 697 707
729 | 5 9 25 32 40 49 50 56 58 69 76 78 83 150 175 195 198 199 222 223 229 249 250 262 263 272 273 276 283 289 297 305 312 331 333 337 346 352 359 371 372 382 389 391 392 394 397 398 407 412 414 427 429 433 437 446 449 452 454 455 467 470 472 479 482 484 485 492 493 494 495 498 499 500 504 508 517 539 582 606 654 697 707
730 | 22 25 30 32 34 35 37 40 43 46 47 49 50 52 53 56 57 58 61 90 115 119 120 136 140 145 148 151 160 175 176 177 189 245 250 251 257 267 272 275 276 280 283 289 291 297 301 305 307 329 331 333 337 346 352 359 382 389 391 407 412 414 418 429 430 437 446 493 504 509 517 520 582 583 606 612 697 707
731 | 22 25 30 32 34 35 37 40 43 46 47 49 50 52 53 56 57 58 61 90 115 119 120 136 140 145 148 151 160 175 176 177 189 229 245 250 251 257 267 272 275 276 280 283 289 291 297 301 305 307 329 331 333 337 346 352 359 382 389 391 397 407 412 414 418 429 430 437 446 493 504 509 517 520 582 583 606 612 697 707
732 | 22 25 30 32 34 35 37 40 43 46 47 49 50 52 53 56 57 58 60 61 90 115 119 120 136 140 145 148 151 152 156 160 165 166 173 175 176 177 189 223 229 243 245 250 251 257 262 263 267 272 275 276 280 283 289 291 297 301 305 307 329 331 333 337 346 352 359 382 389 391 397 407 412 414 418 429 430 437 446 493 504 509 517 520 521 582 583 606 612 697 707 708
733 | 6 22 25 26 30 32 34 35 37 40 43 45 46 47 49 50 60 70 72 84 87 88 90 93 98 99 103 111 115 117 119 120 140 157 175 176 198 225 239 245 264 267 275 276 280 283 289 291 296 297 301 305 307 312 329 331 333 337 344 346 352 359 382 391 398 407 412 414 430 437 446 467 482 492 493 498 503 504 508 509 514 517 520 527 531 542 582 606 697 706 707 709
734 | 6 22 25 26 30 32 34 35 37 40 43 45 46 47 49 50 58 60 70 72 84 87 88 90 93 98 99 103 111 115 117 119 120 140 157 175 176 198 223 225 229 239 245 264 267 275 276 280 283 289 291 296 297 301 305 307 312 329 331 333 337 344 346 352 359 382 391 398 407 412 414 430 437 446 467 482 492 493 498 503 504 508 509 514 517 520 527 531 542 582 606 697 706 707 709
735 | 6 22 25 26 30 32 34 35 37 40 43 45 46 47 49 50 53 56 58 60 70 72 84 87 88 90 93 98 99 103 111 115 117 119 120 140 157 175 176 198 223 225 229 239 245 249 262 263 264 267 273 275 276 280 283 289 291 296 297 301 305 307 312 329 331 333 337 344 346 352 359 382 391 398 407 412 414 430 437 446 467 470 482 492 493 498 503 504 508 509 514 517 519 520 527 531 542 582 606 697 706 707 709
736 | 4 5 6 12 30 35 37 49 60 61 72 84 85 87 88 98 99 103 111 115 117 119 120 137 140 150 152 154 157 160 163 165 166 169 172 173 176 211 264 283 289 297 301 305 307 329 331 333 337 346 352 359 372 391 392 407 412 414 437 446 455 493 494 495 503 508 509 520 521 697 706 708 709
737 | 4 5 6 12 30 35 37 49 60 61 72 84 85 87 88 98 99 103 111 115 117 119 120 137 140 150 152 154 157 160 163 165 166 169 172 173 176 211 262 263 264 283 289 297 301 305 307 329 331 333 337 346 352 359 372 391 392 407 412 414 437 446 455 493 494 495 503 508 509 520 521 697 706 708 709
738 | 4 65 69 70 72 73 76 78 82 83 160 211 242 243 245 249 250 251 257 264 275 276 289 296 297 305 331 333 337 346 352 359 372 382 391 394 407 412 414 437 446 455 482 492 493 494 495 498 580 604 697 709
739 | 4 65 69 70 72 73 76 78 82 83 87 160 211 242 243 245 249 250 251 257 264 275 276 289 296 297 305 331 333 337 346 352 359 372 382 391 394 407 412 414 437 446 455 482 492 493 494 495 498 580 604 697 709
740 | 4 5 65 67 69 70 72 73 76 78 82 83 87 160 175 198 211 224 242 243 245 249 250 251 257 262 263 264 272 275 276 289 296 297 305 331 333 337 346 352 359 372 382 391 392 394 398 407 412 414 437 446 449 452 455 470 482 492 493 494 495 498 519 580 604 654 697 709
741 | 4 12 35 47 60 65 69 70 72 73 76 78 82 83 87 88 98 99 103 117 120 160 211 223 229 242 243 245 249 250 251 257 262 263 264 275 276 283 289 296 297 301 305 307 331 333 337 346 352 359 372 382 391 394 407 412 414 418 437 446 455 482 492 493 494 495 498 503 504 508 509 580 604 697 706 709
742 | 5 25 30 34 37 45 47 49 50 126 128 132 136 145 148 150 151 175 189 195 198 199 200 224 234 260 265 272 289 297 305 329 331 333 337 346 352 359 382 386 389 391 407 412 414 427 428 429 430 433 437 443 446 482 492 493 495 499 606 614 697 710
743 | 4 5 25 30 34 35 37 43 45 47 49 50 126 128 132 136 140 145 148 150 151 175 176 189 195 198 199 200 224 234 260 262 263 265 272 289 297 301 305 307 329 331 333 337 346 352 359 382 386 389 391 407 412 414 427 428 429 430 433 437 443 446 482 492 493 495 499 606 614 697 710
744 | 30 32 46 53 61 148 223 224 225 229 234 239 249 273 275 276 283 289 297 312 331 333 337 340 344 346 350 352 359 391 397 407 412 414 437 446 455 472 482 492 493 503 504 506 508 509 510 512 513 514 519 520 527 531 539 697
745 | 30 32 46 52 53 56 57 58 61 88 128 136 148 176 223 224 225 229 234 239 249 262 263 273 275 276 283 289 297 312 331 333 337 340 344 346 350 352 359 391 397 407 412 414 437 446 455 472 482 492 493 503 504 506 508 509 510 512 513 514 519 520 527 531 539 583 612 614 697
746 | 4 6 8 12 30 32 35 37 43 47 49 60 87 88 98 99 103 111 115 120 160 165 172 173 176 242 243 249 250 251 257 262 263 283 289 291 297 301 307 329 331 333 337 344 346 347 352 359 372 382 391 392 397 407 412 414 418 437 446 493 503 504 508 520 548 604 697 706 708 709
747 | 4 6 8 12 30 32 35 37 43 47 49 60 84 87 88 98 99 103 111 115 119 120 160 165 172 173 176 242 243 245 249 250 251 257 262 263 283 289 291 297 301 307 329 331 333 337 344 346 347 352 359 372 382 391 392 397 407 412 414 418 437 446 493 503 504 508 520 548 604 697 706 708 709
748 | 8 12 22 30 32 34 35 37 40 43 47 49 50 53 60 70 72 84 98 99 103 115 117 120 150 157 160 165 176 189 195 199 200 209 211 221 222 223 225 265 275 283 289 291 296 297 307 329 331 333 337 340 346 352 359 391 392 407 412 414 437 446 493 504 509 697 706
749 | 8 12 22 30 32 34 35 37 40 43 47 49 50 53 56 57 58 60 70 72 84 88 98 99 103 115 117 120 150 157 160 165 176 189 195 199 200 209 211 221 222 223 225 262 263 265 273 275 283 289 291 296 297 307 329 331 333 337 340 346 352 359 391 392 407 412 414 437 446 493 504 509 517 697 706
750 | 5 82 132 312 329
751 | 4 5 8 43 69 70 73 76 77 78 82 83 98 126 128 129 132 136 145 148 150 151 156 160 165 172 173 176 195 198 224 225 226 260 261 262 263 283 289 297 301 305 307 312 329 331 333 337 340 346 350 352 359 391 407 412 414 418 427 428 429 430 437 446 470 472 492 493 504 514 519 520 521 527 531 533 542 614 654 697 706 708
752 | 5 25 30 32 40 61 65 69 70 73 76 78 83 132 148 152 154 156 157 160 163 165 166 172 173 175 198 250 260 261 272 275 289 297 305 312 329 331 333 337 344 346 350 352 359 382 389 391 394 397 398 407 412 414 427 437 446 449 470 482 484 492 493 504 519 527 545 548 556 580 606 634 697 708
753 | 5 25 30 32 40 61 65 69 70 73 76 78 83 132 148 152 154 156 157 160 163 165 166 172 173 175 198 250 260 261 262 263 272 275 289 297 305 312 329 331 333 337 344 346 350 352 359 382 389 391 394 397 398 407 412 414 427 437 446 449 470 482 484 492 493 504 519 527 545 548 556 580 606 634 697 708
754 | 4 6 12 22 25 26 30 32 34 35 37 40 43 45 46 47 49 50 70 76 78 83 103 151 152 156 157 160 165 172 175 176 177 189 198 209 211 264 272 275 289 296 297 301 305 307 312 322 329 331 333 337 340 346 350 352 359 389 391 392 407 412 414 418 428 429 430 437 446 449 452 455 467 482 485 493 494 498 500 517 539 556 582 654 697 707
755 | 4 6 12 22 25 26 30 32 34 35 37 40 43 45 46 47 49 50 65 69 70 76 78 83 98 103 151 152 156 157 160 165 172 175 176 177 189 198 209 211 262 264 272 275 289 296 297 301 305 307 312 322 329 331 333 337 340 346 350 352 359 389 391 392 407 412 414 418 428 429 430 437 446 449 452 455 467 482 485 493 494 498 500 517 539 556 582 654 697 707
756 | 30 32 84 88 99 103 111 120 160 176 195 198 211 221 223 229 242 243 245 249 250 251 257 264 273 275 289 291 297 301 307 312 329 331 333 337 346 352 359 371 372 391 394 397 398 407 412 414 418 437 446 455 484 493 504 508 509 527 582 604 654 697 706 707 709
757 | 4 12 30 32 35 60 84 87 88 98 99 103 111 115 117 120 160 176 195 198 211 221 223 226 229 242 243 245 249 250 251 257 262 263 264 273 275 289 291 297 301 307 312 329 331 333 337 346 352 359 371 372 391 394 397 398 407 412 414 418 437 446 455 484 493 503 504 508 509 527 582 604 654 697 706 707 709
758 | 22 25 30 32 35 49 126 128 132 136 145 148 150 151 195 198 224 239 272 275 283 289 297 305 312 331 333 337 346 350 352 359 372 382 389 391 407 412 414 437 446 493 508 514 527 606 614 697
759 | 22 25 30 32 35 49 88 126 128 129 132 136 145 148 150 151 160 195 198 223 224 239 261 262 263 272 275 283 289 297 305 312 331 333 337 340 346 350 352 359 372 382 389 391 397 407 412 414 427 437 446 493 503 504 506 508 509 512 513 514 527 606 614 697
760 | 22 25 30 32 35 49 98 126 128 132 136 140 145 148 150 151 160 175 176 177 195 198 224 239 262 263 272 275 283 289 297 305 312 331 333 337 346 347 350 352 359 372 382 389 391 407 412 414 437 446 493 506 508 514 527 606 614 654 697
761 | 4 22 25 26 30 32 34 35 37 40 43 46 47 49 50 120 175 176 200 223 226 229 275 283 289 291 296 297 305 307 312 329 331 333 337 340 346 352 359 372 391 397 407 412 414 427 428 429 430 433 437 443 446 493 504 517 519 520 531 606 697 710
762 | 4 22 25 26 30 32 34 35 37 40 43 46 47 49 50 120 175 176 200 223 226 229 239 275 283 289 291 296 297 305 307 312 329 331 333 337 340 346 352 359 372 391 397 407 412 414 427 428 429 430 433 437 443 446 493 504 517 519 520 531 606 697 710
763 | 4 22 25 26 30 32 34 35 37 40 43 46 47 49 50 53 88 120 175 176 200 223 226 229 239 262 263 273 275 283 289 291 296 297 305 307 312 329 331 333 337 340 346 352 359 372 391 397 407 412 414 427 428 429 430 433 437 443 446 493 504 517 519 520 531 606 697 710
764 | 4 5 6 25 30 34 37 43 45 47 53 61 82 98 103 132 150 157 160 165 166 172 173 176 195 198 199 200 209 211 221 222 225 272 275 289 297 301 305 307 312 331 333 337 340 346 352 359 371 372 391 394 397 407 412 414 418 437 446 467 492 493 495 508 514 517 519 520 521 531 548 583 606 697 708
765 | 4 5 6 9 25 30 34 37 43 45 47 53 56 57 58 61 82 87 98 103 132 150 157 160 165 166 172 173 176 195 198 199 200 209 211 221 222 223 225 262 263 272 275 289 297 301 305 307 312 331 333 337 340 346 352 359 371 372 391 394 397 407 412 414 418 437 446 467 492 493 495 503 504 508 514 517 519 520 521 531 548 583 606 612 634 697 708
766 | 22 25 30 32 34 35 37 46 47 49 50 65 69 83 166 173 175 189 198 239 264 289 291 292 296 297 301 305 312 329 331 333 337 344 346 352 359 371 372 391 392 398 407 412 414 427 430 437 446 449 452 467 470 482 484 485 493 494 495 498 500 582 606 654 697 707 708 709
767 | 4 22 25 30 32 34 35 37 46 47 49 50 61 65 69 83 98 132 160 166 173 175 176 177 189 198 211 239 250 264 276 289 291 292 296 297 301 305 307 312 329 331 333 337 344 346 352 359 371 372 391 392 398 407 412 414 418 427 428 429 430 437 446 449 452 467 470 482 484 485 493 494 495 498 500 582 606 654 697 707 708 709
768 | 4 9 22 25 30 32 34 35 37 43 46 47 49 50 61 65 69 83 98 132 154 160 165 166 173 175 176 177 189 198 211 239 250 262 263 264 276 289 291 292 296 297 301 305 307 312 329 331 333 337 344 346 352 359 371 372 391 392 398 407 412 414 418 427 428 429 430 437 446 449 452 467 470 482 484 485 493 494 495 498 500 582 606 654 697 707 708 709
769 | 5 6 61 73 76 83 126 128 132 136 145 148 150 151 152 154 156 157 160 163 165 166 172 173 177 195 260 261 272 275 276 289 297 305 312 322 331 333 337 346 347 352 359 372 389 391 392 398 407 412 414 429 437 446 455 467 470 484 492 493 499 527 542 614 697 708
770 | 5 6 61 73 76 83 126 128 132 136 145 148 150 151 152 154 156 157 160 163 165 166 172 173 177 195 260 261 262 263 272 275 276 289 297 305 312 322 331 333 337 346 347 352 359 372 389 391 392 398 407 412 414 429 437 446 455 467 470 484 492 493 499 527 542 614 697 708
771 | 22 25 26 32 34 35 37 40 46 49 50 84 87 90 98 99 109 128 132 136 140 148 175 223 224 225 229 234 260 261 275 289 291 292 297 305 312 322 331 333 337 344 346 350 352 359 382 389 391 407 412 414 427 428 429 430 437 443 446 493 504 506 508 509 513 514 520 606 614 697 699 706 709
772 | 22 25 26 32 34 35 37 40 46 49 50 84 87 90 98 99 109 128 132 136 140 148 175 223 224 225 229 234 260 261 262 263 273 275 283 289 291 292 297 305 312 322 331 333 337 344 346 350 352 359 382 389 391 407 412 414 427 428 429 430 437 443 446 493 503 504 506 508 509 513 514 520 606 614 697 699 706 709
773 | 4 22 30 32 34 37 40 46 47 49 50 98 103 117 126 128 132 136 145 148 150 151 175 176 189 195 198 199 200 209 211 221 222 223 225 229 239 260 264 275 276 289 296 297 312 329 331 333 337 346 350 359 382 389 391 392 394 397 407 412 414 430 437 446 493 494 498 504 606 614 697 707
774 | 4 22 30 32 34 35 37 40 46 47 49 50 88 90 98 99 103 115 117 119 126 128 132 136 140 145 148 150 151 175 176 189 195 198 199 200 209 211 221 222 223 224 225 229 239 260 262 263 264 267 275 276 280 289 296 297 312 329 331 333 337 346 350 359 382 389 391 392 394 397 407 412 414 430 437 446 493 494 498 504 606 614 697 707
775 | 35 37 40 46 47 72 98 99 115 150 176 195 198 199 200 209 211 221 222 229 275 276 289 291 296 297 312 331 333 337 344 346 350 359 372 380 391 394 397 407 412 414 437 446 455 493 508 509 510 520 527 553 697 706
776 | 35 37 40 46 47 53 72 84 87 88 90 98 99 115 119 120 150 176 195 198 199 200 209 211 221 222 223 224 229 262 263 267 273 275 276 280 289 291 296 297 312 331 333 337 344 346 350 359 372 380 382 391 394 397 407 412 414 437 446 455 493 504 508 509 510 520 527 553 697 706
777 | 5 6 9 65 69 76 156 160 163 165 166 172 173 198 242 243 249 250 251 257 272 275 289 296 297 305 312 329 331 333 337 344 346 352 359 363 371 372 382 391 392 394 407 412 414 437 446 449 452 454 467 470 482 484 485 493 494 495 498 499 500 519 548 582 604 654 697 708 730
778 | 5 6 9 65 69 76 152 156 160 163 165 166 172 173 198 242 243 249 250 251 257 262 263 272 275 289 296 297 305 312 329 331 333 337 344 346 352 359 363 371 372 382 391 392 394 407 412 414 437 446 449 452 454 467 470 482 484 485 493 494 495 498 499 500 519 548 582 604 654 697 708 730
779 | 5 25 30 32 37 65 67 69 70 73 76 77 78 80 82 83 145 175 176 198 225 265 276 289 290 292 296 297 299 305 312 331 333 337 346 352 359 363 382 391 407 412 414 425 437 446 482 492 493 510 519 520 527 556 580 606 654 697 707
780 | 5 25 30 32 37 65 67 69 70 72 73 76 77 78 80 82 83 84 98 99 109 140 145 160 175 176 198 211 225 265 276 289 290 291 292 296 297 299 305 312 331 333 337 346 352 359 363 382 391 394 407 412 414 425 437 446 482 492 493 510 519 520 527 531 556 580 606 654 697 706 707 709
781 | 5 25 30 32 35 37 65 67 69 70 72 73 76 77 78 80 82 83 84 90 98 99 103 109 115 117 119 140 145 160 175 176 198 211 225 262 263 265 267 273 276 280 283 289 290 291 292 296 297 299 305 312 331 333 337 346 352 359 363 382 391 394 397 407 412 414 425 437 446 482 492 493 510 519 520 527 531 556 580 606 654 697 706 707 709
782 | 4 6 30 35 37 43 49 72 87 90 93 98 99 103 115 117 119 120 140 157 160 165 176 211 225 264 267 272 275 276 280 283 289 291 297 301 305 307 312 329 331 333 337 346 352 359 372 382 391 392 407 412 414 430 437 446 455 493 504 508 509 697 706 709
783 | 4 6 30 35 37 43 49 57 70 72 84 85 87 88 90 93 98 99 103 115 117 119 120 140 157 160 165 176 211 225 245 264 267 272 273 275 276 280 283 285 289 291 297 301 305 307 312 329 331 333 337 346 352 359 372 382 391 392 407 412 414 430 437 446 455 493 503 504 508 509 697 706 709
784 | 4 6 30 35 37 43 49 52 53 56 57 60 70 72 84 85 87 88 90 93 98 99 103 115 117 119 120 128 136 137 140 148 157 160 165 176 211 223 225 245 262 263 264 267 272 273 275 276 280 283 285 289 291 297 301 305 307 312 329 331 333 337 346 352 359 372 382 391 392 397 407 412 414 430 437 446 455 470 493 503 504 508 509 583 612 614 697 706 709
785 | 5 12 43 49 50 76 87 109 115 150 151 160 175 195 198 211 225 264 267 275 276 280 285 289 290 291 292 297 299 301 305 307 312 329 331 333 337 346 347 352 359 363 382 391 392 397 407 412 414 425 437 446 452 454 455 467 470 472 482 484 485 492 493 494 495 496 498 499 500 506 508 513 519 654 697 709
786 | 5 12 35 43 49 50 53 76 87 90 98 109 115 117 119 150 151 157 160 175 195 198 211 225 264 267 275 276 280 285 289 290 291 292 297 299 301 305 307 312 329 331 333 337 346 347 352 359 363 382 391 392 397 407 412 414 425 437 446 452 454 455 467 470 472 482 484 485 492 493 494 495 496 498 499 500 506 508 513 519 654 697 709
787 | 5 6 9 12 35 43 49 50 53 56 60 61 76 84 87 88 90 98 99 103 109 115 117 119 126 128 132 136 137 140 145 148 150 151 152 154 156 157 160 162 163 165 166 169 172 173 175 177 195 198 211 223 224 225 229 262 263 264 267 273 275 276 280 283 285 289 290 291 292 297 299 301 305 307 312 329 331 333 337 346 347 352 359 363 382 391 392 397 398 407 412 414 425 437 446 452 454 455 467 470 472 482 484 485 492 493 494 495 496 498 499 500 506 508 513 519 521 614 654 697 706 708 709
788 | 32 87 109 223 224 229 234 242 243 249 250 257 276 289 290 292 297 312 331 333 337 346 352 359 391 394 397 412 414 437 446 493 503 504 506 508 513 514 531 538 539 541 542 543 545 548 549 553 556 604 697 709
789 | 32 58 87 109 223 224 229 234 242 243 249 250 257 276 283 289 290 292 297 312 331 333 337 346 352 359 391 394 397 412 414 437 446 493 503 504 506 508 513 514 517 531 538 539 541 542 543 545 548 549 553 556 604 697 709
790 | 32 53 58 87 88 109 199 223 224 229 234 239 242 243 249 250 257 262 263 276 283 289 290 292 297 312 331 333 337 346 352 359 391 394 397 412 414 437 446 493 503 504 506 508 509 513 514 517 520 531 534 538 539 541 542 543 545 548 549 553 556 604 697 709
791 | 6 25 30 32 35 40 58 61 76 78 83 160 169 225 243 250 272 275 289 297 312 322 331 333 337 346 359 391 398 407 412 414 437 446 470 484 493 538 539 541 542 543 545 548 549 553 556 604 697
792 | 6 25 30 32 35 40 56 58 61 69 70 76 78 83 160 169 225 243 250 272 275 289 297 312 322 331 333 337 346 359 391 398 407 412 414 437 446 455 470 484 493 517 538 539 541 542 543 545 548 549 553 556 604 697
793 | 6 25 30 32 35 40 52 53 56 58 61 65 69 70 76 78 83 157 160 169 173 198 223 225 243 250 262 263 272 275 289 297 312 322 331 333 337 346 359 391 398 407 412 414 437 446 455 470 484 493 517 534 538 539 541 542 543 545 548 549 553 556 583 604 612 697 708 734
794 | 4 6 12 22 30 34 35 37 47 49 60 98 150 157 160 165 195 198 199 200 206 209 211 221 222 225 239 272 275 289 291 296 297 301 305 307 312 329 331 333 337 346 352 359 372 391 392 394 407 412 414 418 437 446 467 493 494 498 697
795 | 4 6 12 22 25 30 34 35 37 47 49 60 87 98 103 117 119 150 157 160 165 195 198 199 200 206 209 211 221 222 225 239 272 275 289 291 296 297 301 305 307 312 329 331 333 337 346 352 359 372 391 392 394 407 412 414 418 437 446 467 493 494 498 697 706 709
796 | 4 6 12 22 25 30 34 35 37 47 49 60 87 98 103 115 117 119 124 126 128 132 136 137 140 144 145 148 150 151 157 160 165 190 195 198 199 200 206 209 211 221 222 225 239 262 263 272 275 289 291 296 297 301 305 307 312 329 331 333 337 346 352 359 372 391 392 394 407 412 414 418 437 446 467 493 494 498 614 697 706 709
797 | 4 6 9 12 22 25 26 30 32 34 35 40 43 46 47 49 50 52 53 56 57 58 61 109 128 132 136 152 156 157 160 162 163 165 166 169 172 173 175 176 177 189 200 225 275 289 290 291 292 297 301 305 312 322 329 331 333 337 346 350 352 359 382 391 397 407 412 414 425 428 429 430 433 437 443 446 493 504 508 512 513 517 521 539 582 583 606 612 614 697 699 707 708 709
798 | 4 6 9 12 22 25 26 30 32 34 35 40 43 46 47 49 50 52 53 56 57 58 61 109 128 132 136 152 156 157 160 162 163 165 166 169 172 173 175 176 177 189 200 225 275 289 290 291 292 297 301 305 312 322 329 331 333 337 346 350 352 359 382 391 397 407 412 414 425 428 429 430 433 437 443 446 493 504 508 512 513 517 521 539 582 583 606 612 614 697 699 707 708 709
799 | 4 6 9 12 22 25 26 30 32 34 35 40 43 46 47 49 50 52 53 56 57 58 61 88 109 128 132 136 152 156 157 160 162 163 165 166 169 172 173 175 176 177 189 200 223 225 229 262 263 275 283 289 290 291 292 297 301 305 312 322 329 331 333 337 346 350 352 359 382 391 397 407 412 414 425 428 429 430 433 437 443 446 493 503 504 508 509 512 513 517 521 539 582 583 606 612 614 697 699 707 708 709
800 | 12 22 26 35 43 47 109 176 223 225 229 234 242 243 249 250 251 257 264 272 275 276 289 290 292 296 297 301 305 307 312 329 331 333 337 340 344 346 350 352 359 372 382 391 407 412 414 425 437 446 467 493 604 697
801 | 12 22 26 35 43 47 109 176 223 225 229 234 242 243 249 250 251 257 262 263 264 272 275 276 278 283 289 290 292 296 297 301 305 307 312 329 331 333 337 340 344 346 350 352 359 372 382 391 407 412 414 425 437 446 467 493 604 697
802 | 37 40 52 53 56 57 58 61 70 88 109 150 157 176 223 225 229 262 263 264 272 273 275 276 283 289 290 291 292 297 305 307 312 329 331 333 337 340 344 346 350 352 359 372 382 391 392 397 398 407 412 414 418 425 437 446 455 467 470 482 492 493 494 504 508 517 520 531 583 612 614 697 709
803 | 37 40 46 52 53 56 57 58 61 70 87 88 109 128 136 148 150 157 176 223 225 229 249 262 263 264 272 273 275 276 278 283 289 290 291 292 297 305 307 312 329 331 333 337 340 344 346 350 352 359 372 382 391 392 397 398 407 412 414 418 425 437 446 455 467 470 472 482 484 492 493 494 503 504 508 517 519 520 531 538 539 553 583 612 614 654 697 709
804 | 5 35 37 40 46 47 72 78 83 84 88 90 98 99 109 115 119 140 175 211 223 224 225 229 245 249 260 261 265 273 280 283 289 290 291 292 296 297 312 329 331 333 337 344 346 350 352 359 372 380 382 391 392 394 398 407 412 414 437 446 449 452 454 455 467 470 472 482 484 485 492 493 495 496 498 499 503 504 506 508 509 510 512 513 514 520 527 531 606 697 706 707 709
805 | 5 35 37 40 46 47 72 78 83 84 87 88 90 98 99 109 115 119 140 175 211 223 224 225 229 245 249 260 261 265 273 280 283 289 290 291 292 296 297 312 329 331 333 337 344 346 350 352 359 372 380 382 391 392 394 398 407 412 414 437 446 449 452 454 455 467 470 472 482 484 485 492 493 495 496 498 499 503 504 506 508 509 510 512 513 514 520 527 531 606 697 706 707 709
806 | 5 35 37 40 46 47 72 78 83 84 87 88 90 98 99 109 115 119 140 175 211 223 224 225 229 245 249 260 261 262 263 265 267 273 280 283 289 290 291 292 296 297 312 329 331 333 337 344 346 350 352 359 372 380 382 391 392 394 398 407 412 414 437 446 449 452 454 455 467 470 472 482 484 485 492 493 495 496 498 499 503 504 506 508 509 510 512 513 514 520 527 531 606 697 706 707 709
807 | 4 32 35 37 40 46 50 150 189 195 198 199 200 209 211 221 222 239 289 292 297 301 307 312 322 329 331 333 337 346 350 352 359 382 387 389 391 392 407 412 414 427 428 429 430 433 437 446 482 484 493 553 556 699 709 710
808 | 4 32 35 37 40 46 50 150 189 195 198 199 200 209 211 221 222 239 262 263 289 292 297 301 307 312 322 329 331 333 337 346 350 352 359 382 387 389 391 392 407 412 414 427 428 429 430 433 437 446 482 484 493 553 556 699 709 710
809 | 35 37 49 69 78 87 88 103 117 157 162 175 176 198 211 226 272 275 289 297 307 312 329 331 333 337 344 346 352 359 372 382 391 392 398 407 412 414 430 437 446 449 452 454 455 467 470 472 479 482 484 485 492 493 494 495 498 499 500 582 654 697 709
810 | 35 37 49 65 69 78 87 88 103 117 157 162 175 176 198 211 226 262 263 272 275 289 297 307 312 329 331 333 337 344 346 347 352 359 372 382 391 392 398 407 412 414 430 437 446 449 452 454 455 467 470 472 479 482 484 485 492 493 494 495 498 499 500 582 606 654 697 709
811 | 32 35 37 40 50 126 128 132 136 150 199 211 221 222 223 224 225 229 234 239 262 263 283 289 297 312 322 329 331 333 337 346 350 352 359 372 391 394 407 412 414 437 446 493 504 506 508 509 513 514 614 697
812 | 32 35 37 40 50 84 87 88 98 99 103 115 119 120 126 128 132 136 140 150 195 199 211 221 222 223 224 225 229 234 239 262 263 283 289 297 312 322 329 331 333 337 346 350 352 359 372 391 394 407 412 414 437 446 493 504 506 508 509 513 514 614 697 706
813 | 380 382
814 | 5 8 9 22 25 30 32 34 35 37 40 43 47 49 50 175 176 189 200 225 276 289 297 301 307 312 329 331 333 337 346 352 359 391 407 412 414 427 429 430 433 437 443 446 493 556 582 606 697 707
815 | 4 5 8 9 22 25 30 32 34 35 37 40 43 47 49 50 60 88 98 103 117 160 175 176 189 200 225 262 263 267 273 276 289 291 297 301 307 312 329 331 333 337 346 352 359 391 407 412 414 418 427 429 430 433 437 443 446 493 504 508 556 582 606 697 707 709
816 | 6 61 65 69 70 73 76 77 78 82 83 157 198 242 243 250 257 263 264 275 276 289 297 312 322 331 333 337 346 352 359 382 391 392 397 398 407 412 414 437 446 455 470 482 493 494 517 519 538 539 541 542 543 545 548 553 556 580 604 697
817 | 6 56 58 61 65 69 70 73 76 77 78 82 83 157 198 242 243 250 257 263 264 275 276 289 297 312 322 331 333 337 346 352 359 382 391 392 397 398 407 412 414 437 446 455 470 482 493 494 517 519 538 539 541 542 543 545 548 553 556 580 583 604 612 697
818 | 4 6 35 37 43 53 56 57 58 61 65 67 69 70 72 73 76 77 78 82 83 84 87 88 90 98 99 115 119 140 157 160 176 198 211 223 242 243 245 250 257 262 263 264 273 275 276 283 289 297 301 307 312 322 331 333 337 346 352 359 382 391 392 397 398 407 412 414 446 455 470 482 493 494 504 508 509 517 519 538 539 541 542 543 545 548 553 556 580 583 604 612 654 697 706
819 | 9 37 47 152 154 156 160 162 163 165 172 173 242 243 249 250 251 257 272 275 289 296 297 305 307 312 329 331 333 337 346 352 359 372 391 398 407 412 414 437 446 493 521 604 654 697 708
820 | 9 37 47 152 154 156 160 162 163 165 172 173 242 243 249 250 251 257 262 263 272 275 289 296 297 305 307 312 329 331 333 337 346 352 359 372 391 398 407 412 414 437 446 493 521 604 654 697 708
821 | 40 50 78 126 128 132 136 145 148 150 151 157 175 177 183 189 224 289 297 312 329 331 333 337 344 346 352 359 389 391 398 407 412 414 429 433 437 446 449 452 467 472 484 485 493 495 498 499 500 582 606 614 654 697 707
822 | 40 50 78 126 128 132 136 145 148 150 151 157 175 177 183 189 224 262 263 297 312 329 331 333 337 344 346 352 359 389 391 398 407 412 414 427 428 429 433 437 446 449 452 467 472 479 484 485 493 495 498 499 500 582 606 614 654 697 707
823 | 5 6 9 34 37 47 61 83 109 115 119 132 145 152 156 157 160 162 163 165 166 169 172 173 177 211 267 276 280 289 290 291 292 296 297 299 305 312 331 333 337 346 352 359 363 371 372 382 391 392 398 407 412 414 437 446 482 484 492 493 517 521 556 582 654 697 708 709
824 | 5 6 9 34 35 37 47 61 72 83 84 90 98 99 109 115 119 132 145 152 154 156 157 160 162 163 165 166 169 172 173 177 211 245 250 267 276 280 283 289 290 291 292 296 297 299 305 312 331 333 337 346 352 359 363 371 372 382 391 392 398 407 412 414 437 446 482 484 492 493 517 521 539 556 582 654 697 706 708 709
825 | 5 6 9 34 35 37 47 49 61 72 83 84 87 90 98 99 109 115 117 119 132 145 152 154 156 157 160 162 163 165 166 169 172 173 177 211 245 250 262 263 267 276 280 283 289 290 291 292 296 297 299 305 312 331 333 337 346 352 359 363 371 372 382 391 392 398 407 412 414 437 446 482 484 492 493 517 521 539 556 582 654 697 706 708 709
826 | 5 6 22 25 26 30 32 34 35 37 40 43 45 47 49 50 65 69 72 76 78 83 87 90 98 99 103 109 115 117 119 140 151 160 165 175 176 177 183 189 211 225 243 245 250 264 267 272 273 275 276 280 283 289 290 291 292 296 297 299 301 305 306 307 312 331 333 337 346 347 350 352 359 372 380 382 389 391 392 394 407 412 414 425 430 437 446 452 455 482 492 493 494 495 496 498 500 517 539 556 606 697 699 706 707 709
827 | 5 6 22 25 26 30 32 34 35 37 40 43 45 47 49 50 60 65 69 72 76 78 83 87 90 98 99 103 109 115 117 119 140 151 160 165 175 176 177 183 189 211 225 243 245 250 262 263 264 267 272 273 275 276 280 283 289 290 291 292 296 297 299 301 305 306 307 312 331 333 337 346 347 350 352 359 372 380 382 389 391 392 394 407 412 414 425 430 437 446 452 455 482 492 493 494 495 496 498 500 517 539 556 606 697 699 706 707 709
828 | 5 6 8 9 12 35 37 49 61 77 150 154 156 157 160 163 165 166 169 172 173 195 198 199 200 209 211 221 222 225 262 263 289 292 296 297 312 322 329 331 333 337 346 352 359 372 382 387 391 394 398 407 412 414 437 446 493 494 506 697 708
829 | 5 6 8 9 12 35 37 49 56 58 61 77 150 154 156 157 160 163 165 166 169 172 173 195 198 199 200 209 211 221 222 225 262 263 289 292 296 297 312 322 329 331 333 337 346 352 359 372 382 387 391 394 398 407 412 414 437 446 493 494 506 517 521 539 654 697 708
830 | 22 25 26 30 32 34 35 40 45 47 49 50 53 58 65 69 70 76 78 82 83 109 151 175 189 200 223 229 260 262 263 264 272 273 275 276 283 289 290 292 297 305 312 331 333 337 346 347 352 359 382 391 394 397 407 412 414 425 427 428 429 430 433 437 443 446 455 493 508 509 513 517 519 520 527 531 539 556 606 697 699 709 710
831 | 4 5 6 8 9 10 12 20 22 32 34 40 43 47 49 50 115 160 162 176 189 209 211 225 234 239 242 243 250 262 263 276 289 290 292 296 297 301 307 312 329 331 333 337 340 346 350 352 359 382 391 392 394 407 412 414 418 430 437 446 493 517 538 539 541 542 543 545 548 553 556 604 697 699 709
832 | 22 32 35 37 40 49 53 72 83 84 87 88 90 98 99 103 109 115 119 120 140 189 211 239 245 260 262 263 264 276 283 289 291 292 297 312 322 329 331 333 337 344 346 350 352 359 372 382 391 392 394 407 412 414 425 437 446 455 484 492 493 494 495 508 509 519 520 527 531 697 706 709
833 | 5 25 32 34 78 87 126 128 132 136 145 148 150 151 189 195 198 209 224 239 263 289 292 297 312 331 333 337 344 346 352 359 382 389 391 392 407 412 414 427 428 429 437 446 493 504 506 508 509 512 514 542 606 614 697
834 | 5 22 25 32 34 35 37 47 67 78 87 103 109 119 126 128 132 136 145 148 150 151 189 195 198 209 223 224 225 229 239 262 263 283 289 292 296 297 312 322 331 333 337 344 346 352 359 382 389 391 392 407 412 414 427 428 429 430 437 446 493 498 504 508 509 512 514 542 547 606 614 697
835 | 30 32 35 37 40 43 49 61 72 90 98 109 115 117 119 140 157 160 165 176 189 223 225 229 234 239 260 261 267 275 276 280 289 290 292 296 297 307 312 331 333 337 344 346 350 352 359 382 391 407 412 414 418 437 446 492 493 503 504 506 508 509 512 513 514 520 531 697 706
836 | 25 26 30 32 35 37 40 43 49 61 72 87 88 90 98 109 115 117 119 140 157 160 165 172 173 176 177 189 223 225 229 234 239 260 261 262 263 267 275 276 280 283 289 290 292 296 297 307 312 331 333 337 344 346 350 352 359 382 391 407 412 414 418 437 446 492 493 503 504 506 508 509 512 513 514 517 520 521 531 606 697 706 708
837 | 25 26 30 32 35 37 40 43 46 47 49 52 53 56 57 58 60 61 72 84 87 88 90 98 109 115 117 119 128 132 140 157 160 166 172 173 175 176 177 189 223 225 229 234 239 260 261 262 263 267 273 275 276 280 283 289 290 292 296 297 307 312 331 333 337 344 346 350 352 359 382 389 391 397 407 412 414 418 437 446 485 492 493 503 504 506 508 509 512 513 514 517 520 521 531 582 583 606 612 614 697 706 707 708
838 | 35 43 90 98 115 119 175 176 242 243 245 250 257 267 276 280 289 291 297 312 331 333 337 344 346 352 359 372 382 391 407 412 414 437 446 492 493 494 520 538 539 541 542 543 545 548 553 556 604 697 709
839 | 5 35 43 87 88 90 98 115 119 175 176 242 243 245 250 257 262 263 267 276 280 283 285 289 291 297 312 331 333 337 344 346 352 359 372 382 391 407 412 414 437 446 492 493 494 517 520 538 539 541 542 543 545 548 553 556 604 697 709
840 | 5 25 26 35 43 69 70 72 76 78 83 87 88 90 93 98 115 119 126 128 136 140 148 175 176 198 242 243 245 250 257 262 263 267 276 280 283 285 289 291 297 312 331 333 337 344 346 352 359 372 382 391 407 412 414 427 437 446 492 493 494 514 517 518 519 520 527 531 538 539 541 542 543 545 548 553 556 604 606 614 697 708 709
841 | 5 40 47 78 175 242 243 250 257 275 276 289 292 297 299 305 312 331 333 337 344 346 352 359 363 371 372 382 391 392 394 398 407 412 414 437 446 452 454 455 467 470 472 482 484 485 492 493 494 495 496 498 500 538 541 542 543 545 548 553 556 604 654 697
842 | 5 40 47 78 90 93 175 198 242 243 245 250 257 275 276 289 290 292 297 299 305 306 312 331 333 337 344 346 352 359 363 371 372 382 391 392 394 398 407 412 414 437 446 449 452 454 455 467 470 472 482 484 485 492 493 494 495 496 498 499 500 538 541 542 543 545 548 553 556 604 654 697
843 | 5 25 40 47 65 69 72 76 78 83 87 90 93 109 115 119 175 177 198 242 243 245 250 257 262 263 267 275 276 280 289 290 292 297 299 305 306 312 331 333 337 344 346 352 359 363 371 372 380 382 391 392 394 398 407 412 414 437 446 449 452 454 455 467 470 472 482 484 485 492 493 494 495 496 498 499 500 538 541 542 543 545 548 553 556 582 604 606 654 697
844 | 5 40 47 49 61 65 69 70 73 76 77 78 82 83 198 276 289 297 312 329 331 333 337 346 352 359 382 391 394 407 412 414 437 446 482 493 520 556 580 654 697
845 | 5 6 30 34 35 37 40 47 49 61 65 69 70 72 73 76 77 78 82 83 98 117 157 165 166 173 198 267 276 289 296 297 306 312 329 331 333 337 346 352 359 382 391 394 407 412 414 437 446 482 493 520 556 580 654 697 706 708 709
846 | 5 6 30 34 35 37 40 45 47 49 60 61 65 69 70 72 73 76 77 78 82 83 87 88 98 117 128 136 140 145 157 163 165 166 173 198 250 262 263 267 276 283 289 296 297 306 312 329 331 333 337 346 352 359 382 391 394 407 412 414 418 437 446 482 493 519 520 556 580 654 697 706 708 709
847 | 22 30 32 34 35 37 43 46 47 49 50 84 87 90 98 115 119 126 128 132 136 140 145 148 150 151 176 189 223 224 225 229 239 262 263 267 273 276 280 283 289 296 297 301 306 307 312 329 331 333 337 344 346 350 352 359 380 382 391 407 412 414 418 437 446 455 492 493 498 503 504 506 508 509 512 513 514 520 527 531 614 697 706 709
848 | 4 22 25 26 30 32 34 35 37 40 46 47 49 50 60 84 87 88 90 98 99 115 119 150 175 176 189 195 198 199 200 209 211 221 222 225 229 239 262 263 267 272 275 276 280 283 289 296 297 301 305 307 312 331 333 337 340 346 347 350 352 359 371 372 382 389 391 394 397 398 407 412 414 418 430 433 437 443 446 470 484 493 494 495 498 503 504 508 509 582 606 697 706 707
849 | 30 32 35 43 88 126 128 129 132 136 145 148 150 151 223 224 225 229 239 260 261 273 275 276 283 289 297 312 329 331 333 337 344 346 352 359 382 391 397 407 412 414 437 446 493 503 504 508 509 512 514 517 519 520 527 531 614 697
850 | 30 32 35 43 46 53 56 57 58 88 126 128 129 132 136 145 148 150 151 176 223 224 225 229 239 260 261 273 275 276 283 289 297 307 312 329 331 333 337 344 346 350 352 359 382 391 397 407 412 414 418 437 446 493 503 504 508 509 512 514 517 519 520 527 531 583 614 697
851 | 30 32 35 37 43 46 53 56 57 58 84 87 88 90 98 115 119 126 128 129 132 136 140 145 148 150 151 176 223 224 225 229 239 260 261 262 263 267 273 275 276 280 283 289 297 307 312 329 331 333 337 344 346 350 352 359 382 391 397 407 412 414 418 437 446 493 503 504 508 509 512 514 517 519 520 527 531 583 612 614 697 706
852 | 30 32 35 47 72 90 98 99 103 115 117 157 211 225 264 267 272 273 275 276 280 283 289 291 296 297 305 312 329 331 333 337 346 347 352 359 371 372 380 382 391 392 394 398 407 412 414 437 446 452 455 470 482 484 485 493 494 514 520 582 654 697 706 707 709
853 | 30 32 35 47 72 84 87 88 90 93 98 99 103 115 117 119 120 157 195 198 199 200 211 222 223 224 225 229 262 263 264 267 272 273 275 276 280 283 289 291 296 297 305 312 329 331 333 337 346 347 352 359 371 372 380 382 391 392 394 398 407 412 414 437 446 452 455 470 472 482 484 485 493 494 495 504 508 509 513 514 520 582 654 697 706 707 709
854 | 22 25 30 32 40 50 175 189 229 260 261 275 276 289 297 312 329 331 333 337 344 346 350 352 359 382 389 391 407 412 414 427 428 429 433 437 443 446 493 606 697 710
855 | 22 25 30 32 40 46 50 53 70 78 136 148 175 189 223 229 260 261 262 263 275 276 283 289 297 312 329 331 333 337 344 346 350 352 359 382 389 391 397 407 412 414 427 428 429 433 437 443 446 493 520 531 542 582 606 697 710
856 | 6 9 78 83 90 115 119 126 128 132 136 140 145 148 150 151 160 165 195 198 221 262 263 264 267 272 275 276 280 289 297 305 312 329 331 333 337 344 346 347 352 359 371 372 380 382 391 398 407 412 414 424 437 446 449 452 455 467 470 482 484 493 494 495 582 614 654 697
857 | 6 9 61 78 83 90 115 119 160 165 166 172 173 198 242 243 245 249 250 251 257 262 263 264 267 272 275 276 280 289 297 305 312 329 331 333 337 344 346 347 352 359 371 372 380 382 391 398 407 412 414 424 437 446 449 452 455 467 470 482 484 493 494 495 582 604 654 697 708
858 | 6 40 46 53 61 65 70 76 83 115 152 154 156 157 160 163 165 166 172 173 229 242 243 249 250 251 257 261 272 275 276 283 289 297 305 312 331 333 337 344 346 350 352 359 382 391 397 398 407 412 414 437 446 482 492 493 495 512 527 538 539 545 548 556 604 697 708
859 | 6 40 46 53 61 65 70 76 83 115 152 154 156 157 160 163 165 166 172 173 229 242 243 249 250 251 257 261 262 263 272 275 276 283 289 297 305 312 331 333 337 344 346 350 352 359 382 391 397 398 407 412 414 437 446 482 492 493 495 512 527 538 539 545 548 556 604 697 708
860 | 25 34 40 46 49 50 151 175 177 189 250 251 257 289 292 296 297 312 331 333 337 346 352 359 363 382 389 391 407 412 414 437 446 493 556 579 583 606 697 707
861 | 25 32 34 40 46 49 50 56 58 61 76 93 151 175 177 183 189 198 211 242 243 250 251 257 262 263 276 289 292 296 297 312 322 331 333 337 346 352 359 363 382 389 391 392 398 407 412 414 437 446 449 452 453 454 470 472 482 484 485 492 493 495 496 498 499 500 517 520 539 556 579 583 604 606 612 654 697 699 707
862 | 40 52 53 56 61 276 289 297 312 331 333 337 340 346 350 352 359 382 391 398 407 412 414 437 446 482 492 493 527 531 583 612 697
863 | 22 25 26 30 32 35 37 40 47 49 52 53 56 58 61 70 126 128 132 136 148 157 175 189 262 263 276 289 297 312 331 333 337 340 346 347 350 352 359 382 391 397 398 407 412 414 437 446 482 492 493 517 520 527 531 539 582 583 606 612 614 697 707
864 | 9 40 52 53 56 58 61 78 157 162 198 200 243 262 263 264 276 289 297 312 331 333 337 340 346 347 350 352 359 371 372 382 391 392 394 398 407 412 414 437 446 449 452 453 454 455 470 482 484 492 493 494 495 499 527 531 539 556 582 583 604 612 654 697
865 | 8 20 340 734
866 | 4 5 6 8 10 12 20 22 25 30 32 34 35 37 40 43 46 47 49 50 77 88 90 98 103 109 157 176 223 224 225 229 234 239 264 273 275 276 283 289 290 292 297 301 307 312 329 331 337 340 346 359 382 391 407 412 414 427 428 429 430 433 437 443 446 472 493 504 508 509 512 513 514 527 606 697 699 710
867 | 4 5 6 8 10 12 20 22 25 30 32 34 35 37 40 43 46 47 49 50 77 88 90 98 103 109 157 176 223 224 225 229 234 239 262 263 264 265 273 275 276 283 289 290 292 297 301 307 312 329 331 337 340 346 359 382 391 407 412 414 427 428 429 430 433 437 443 446 472 493 504 508 509 512 513 514 527 606 697 699 710
868 | 265 734
869 | 4 32 43 49 72 76 78 83 90 98 99 150 176 195 198 199 200 209 211 221 222 223 224 225 229 234 265 273 276 283 289 290 291 292 297 307 312 331 333 337 350 359 382 387 391 394 398 407 412 414 429 430 437 446 455 482 493 503 504 506 508 509 512 513 514 520 531 697 706 709
870 | 4 32 43 49 65 69 70 72 73 76 78 83 87 90 98 99 119 150 160 176 195 198 199 200 209 211 221 222 223 224 225 229 234 261 262 263 265 273 276 283 289 290 291 292 297 307 312 331 333 337 350 359 363 382 387 391 394 398 407 412 414 427 429 430 437 446 455 482 493 503 504 506 508 509 512 513 514 519 520 531 654 697 706 709
871 | 6 22 25 26 30 32 34 35 37 40 45 47 49 50 60 65 69 72 76 78 83 84 87 88 90 98 99 103 109 111 115 117 119 120 140 150 157 160 165 175 195 198 211 225 245 264 273 275 283 289 290 291 292 296 297 299 305 312 329 331 333 337 344 346 347 352 359 372 391 392 407 412 414 424 425 427 429 430 437 446 449 452 454 455 467 470 482 484 485 492 493 494 495 496 498 499 500 504 508 509 517 556 606 697 706 709
872 | 6 22 25 26 30 32 34 35 37 40 45 47 49 50 60 65 69 72 76 78 83 84 85 87 88 90 98 99 103 109 111 115 117 119 120 140 150 157 160 165 175 195 198 211 224 225 229 245 262 263 264 267 273 275 280 283 289 290 291 292 296 297 299 305 312 329 331 333 337 344 346 347 352 359 371 372 391 392 407 412 414 424 425 427 429 430 437 446 449 452 454 455 467 470 482 484 485 492 493 494 495 496 498 499 500 503 504 508 509 517 520 556 606 654 697 706 709
873 | 22 25 26 30 32 34 35 37 40 43 45 46 47 49 50 72 84 98 99 103 115 119 120 137 140 160 175 176 211 225 245 264 272 275 289 297 305 307 312 329 331 333 337 344 346 352 359 372 391 392 397 398 407 412 414 418 437 446 467 482 493 494 508 514 517 520 556 582 606 697 706 707 709
874 | 22 25 26 30 32 34 35 37 40 43 45 46 47 49 50 53 60 65 72 78 84 87 88 98 99 103 111 115 117 119 120 137 140 160 175 176 211 223 224 225 229 242 245 262 263 264 272 275 278 283 289 297 305 307 312 329 331 333 337 344 346 350 352 359 372 391 392 397 398 407 412 414 418 437 446 449 452 454 455 467 470 472 482 484 485 493 494 495 499 500 503 504 508 509 513 514 517 520 556 582 606 697 706 707 709
875 | 26 30 35 37 50 72 90 98 115 126 128 129 132 136 137 140 145 148 150 151 157 189 224 225 229 260 264 272 275 289 291 297 305 312 329 331 333 337 344 346 352 359 372 389 391 392 407 412 414 437 446 493 504 508 509 513 514 614 697 706 709
876 | 4 26 30 35 37 43 50 60 72 88 90 98 103 115 117 126 128 129 132 136 137 140 145 148 150 151 157 176 189 223 224 225 229 260 262 263 264 272 275 289 291 297 301 305 307 312 329 331 333 337 344 346 352 359 372 389 391 392 397 407 412 414 418 429 437 446 493 503 504 508 509 513 514 614 697 706 709
877 | 8 35 40 119 126 128 129 132 136 145 148 150 151 224 225 229 239 260 261 273 289 297 312 329 331 333 337 346 350 352 359 391 407 412 414 437 446 493 503 504 506 508 509 510 512 513 514 527 531 614 697
878 | 8 35 40 119 126 128 129 132 136 145 148 150 151 224 225 229 239 260 261 273 289 297 312 329 331 333 337 346 350 352 359 391 407 412 414 437 446 493 503 504 506 508 509 510 512 513 514 527 531 614 697
879 | 1 4 8 35 40 49 88 119 126 128 129 132 136 145 148 150 151 160 223 224 225 226 229 239 260 261 262 263 264 273 283 289 291 297 301 307 312 329 331 333 337 346 350 352 359 391 407 412 414 418 430 437 446 493 503 504 506 508 509 510 512 513 514 517 520 527 531 614 697 709
880 | 5 126 128 132 136 145 148 150 151 189 195 198 200 289 297 312 322 329 331 333 337 344 346 352 359 371 389 391 398 407 412 414 437 446 470 482 484 493 538 541 542 543 545 548 553 556 604 614 697
881 | 5 69 76 78 83 126 128 132 136 145 148 150 151 189 195 198 200 224 262 263 289 297 312 322 329 331 333 337 344 346 352 359 371 389 391 398 407 412 414 429 430 433 437 443 446 470 482 484 493 538 539 541 542 543 545 548 553 556 604 614 654 697
882 | 6 9 78 83 150 154 156 157 160 163 165 166 169 172 173 264 272 289 292 297 299 305 312 329 331 333 337 344 346 352 359 363 371 372 391 392 394 398 407 412 414 425 437 446 449 452 454 467 470 482 484 485 492 493 494 495 499 500 521 582 654 697 708
883 | 6 9 61 65 69 76 78 83 87 93 132 150 152 154 156 157 160 163 165 166 169 172 173 211 250 262 263 264 272 289 292 297 299 305 312 329 331 333 337 344 346 352 359 363 371 372 391 392 394 398 407 412 414 425 437 446 449 452 454 467 470 482 484 485 492 493 494 495 499 500 521 582 654 697 708
884 | 22 25 26 32 34 35 40 47 49 50 151 175 177 189 200 223 224 250 260 261 289 296 297 312 329 331 333 337 344 346 350 352 359 389 391 407 412 414 429 437 446 449 452 455 470 493 499 503 504 506 508 509 510 512 513 514 520 527 531 582 606 697 707
885 | 22 25 26 32 34 35 40 47 49 50 151 175 177 189 200 223 224 250 260 261 289 296 297 312 329 331 333 337 344 346 350 352 359 389 391 407 412 414 429 437 446 449 452 455 470 493 499 503 504 506 508 509 510 512 513 514 520 527 531 582 606 697 707
886 | 22 25 26 32 34 35 37 40 46 47 49 50 72 84 87 88 99 115 119 140 151 175 176 177 189 200 223 224 245 250 260 261 262 263 283 289 296 297 312 329 331 333 337 344 346 350 352 359 389 391 407 412 414 429 430 437 446 449 452 455 470 493 499 503 504 506 508 509 512 513 514 520 527 531 582 606 697 706 707
887 | 6 22 25 26 30 32 34 35 37 40 43 46 47 49 50 99 115 128 136 140 145 148 151 157 175 176 177 183 189 200 264 275 289 296 297 307 312 331 333 337 346 352 359 389 391 397 407 412 414 437 446 449 467 493 499 509 582 606 614 697 706 707
888 | 6 22 25 26 30 32 34 35 37 40 43 46 47 49 50 53 70 72 84 87 88 99 115 119 128 136 140 145 148 151 157 175 176 177 183 189 200 245 262 263 264 275 283 289 296 297 307 312 331 333 337 346 352 359 389 391 397 407 412 414 437 446 449 467 493 499 504 509 582 606 614 697 706 707
889 | 5 6 35 37 43 65 69 70 72 76 78 83 115 126 160 176 198 245 260 262 263 283 289 297 301 307 312 331 333 337 344 346 347 352 359 372 380 391 392 394 407 412 414 418 437 446 455 470 482 492 493 494 508 509 512 514 518 519 520 527 531 533 697 706 708
890 | 4 8 22 35 37 40 43 47 77 83 115 150 176 195 198 199 200 209 211 221 222 225 239 283 289 297 301 307 312 329 331 333 337 346 350 352 359 391 394 398 407 412 414 418 428 429 430 433 437 443 446 482 484 492 493 527 697 710
891 | 4 8 22 35 37 40 43 47 77 83 115 150 176 195 198 199 200 211 221 222 223 225 239 262 263 283 289 297 301 307 312 329 331 333 337 346 350 352 359 391 394 398 407 412 414 418 427 428 429 430 433 437 443 446 482 484 492 493 527 697 710
892 | 4 22 35 37 40 47 70 83 109 115 209 225 229 250 257 262 264 283 289 290 291 292 296 297 299 307 312 329 331 333 337 344 346 350 352 359 363 371 372 391 392 394 398 407 412 414 425 437 446 470 472 484 493 494 495 499 500 509 582 604 654 697 709 730
893 | 4 12 22 35 37 40 47 70 83 88 98 109 115 211 225 229 242 243 249 250 257 262 263 264 283 289 290 291 292 296 297 299 301 307 312 329 331 333 337 344 346 350 352 359 363 371 372 391 392 394 398 407 412 414 418 425 437 446 452 470 472 484 493 494 495 499 500 509 519 582 604 654 697 709 730
894 | 5 22 25 30 34 37 47 49 50 145 148 151 175 189 260 261 272 275 289 297 305 312 329 331 333 337 344 346 350 352 359 389 391 407 412 414 427 428 429 430 433 437 446 482 492 493 495 519 520 527 531 606 697 707 710
895 | 5 22 25 30 34 37 47 49 50 119 128 132 136 145 148 151 175 189 224 260 261 262 263 272 275 289 297 305 312 329 331 333 337 344 346 350 352 359 389 391 407 412 414 427 428 429 430 433 437 446 482 492 493 495 519 520 527 531 606 614 697 707 710
896 | 5 6 22 25 26 32 34 35 37 40 45 47 49 50 119 126 128 132 136 145 148 150 151 157 160 165 175 176 177 195 198 209 225 264 289 290 292 296 297 299 301 312 331 333 337 346 347 352 359 363 372 391 398 407 412 414 437 446 493 517 582 606 614 697 707 709
897 | 9 35 37 47 70 88 160 198 211 225 264 276 289 291 296 297 305 307 312 329 331 333 337 344 346 352 359 371 372 391 392 394 398 407 412 414 418 424 437 446 449 452 467 470 482 484 485 492 493 494 495 499 500 527 582 654 697 709
898 | 9 35 37 47 60 70 88 98 115 157 160 198 211 225 242 250 262 263 264 276 283 289 291 296 297 305 307 312 329 331 333 337 344 346 350 352 359 371 372 391 392 394 398 407 412 414 418 424 437 446 449 452 455 467 470 482 484 485 492 493 494 495 499 500 504 509 520 527 582 654 697 709
899 | 22 25 30 32 34 35 37 47 49 50 78 83 151 175 183 189 198 250 276 289 296 297 312 322 329 331 333 337 344 346 350 352 359 389 391 392 394 398 407 412 414 437 446 449 452 455 467 482 484 493 494 495 498 499 527 545 556 582 604 606 697 699 707
900 | 22 25 30 32 34 35 37 43 47 49 50 65 69 78 83 151 173 175 176 183 189 198 243 250 262 263 276 289 296 297 312 322 329 331 333 337 344 346 350 352 359 389 391 392 394 398 407 412 414 437 446 449 452 455 467 482 484 493 494 495 498 499 527 545 556 582 604 606 697 699 707 708
901 | 5 37 40 78 126 128 132 136 145 148 150 151 224 289 292 297 299 312 329 331 333 337 344 346 350 352 359 363 371 391 392 394 398 407 412 414 424 437 446 449 452 467 470 482 484 485 492 493 494 495 498 499 500 582 614 654 697
902 | 5 37 40 78 126 128 132 136 145 148 150 151 198 224 289 292 297 299 312 329 331 333 337 344 346 350 352 359 363 371 391 392 394 398 407 412 414 424 437 446 449 452 467 470 482 484 485 492 493 494 495 498 499 500 519 527 531 542 582 614 654 697
903 | 5 37 40 78 126 128 132 136 145 148 150 151 198 224 260 262 263 289 292 297 299 312 329 331 333 337 344 346 350 352 359 363 371 391 392 394 398 407 412 414 424 437 446 449 452 467 470 482 484 485 492 493 494 495 498 499 500 519 527 531 542 582 614 654 697
904 | 4 12 32 37 43 49 53 58 88 109 115 160 176 242 243 250 257 262 263 289 290 292 297 301 307 312 329 331 333 337 340 346 352 359 391 397 407 412 414 418 437 446 493 508 517 538 539 541 542 543 545 548 553 556 583 604 697 709
905 | 4 12 32 37 43 49 53 58 88 109 115 160 176 242 243 250 257 262 263 289 290 292 297 301 307 312 329 331 333 337 340 346 352 359 391 397 407 412 414 418 437 446 493 508 517 538 539 541 542 543 545 548 553 556 583 604 697 709
906 | 4 12 32 35 37 43 49 53 56 57 58 60 82 87 88 98 109 115 117 160 176 223 229 242 243 250 257 262 263 273 283 289 290 292 297 301 307 312 329 331 333 337 340 346 352 359 391 394 397 407 412 414 418 437 446 493 503 504 508 517 519 520 531 538 539 541 542 543 545 548 553 556 583 604 612 697 709
907 | 32 35 37 49 60 72 82 84 87 88 90 98 99 103 109 111 115 117 119 120 140 160 211 223 229 245 273 280 283 289 290 291 292 297 312 331 333 337 350 359 391 394 407 412 414 425 430 437 446 455 493 503 504 508 509 513 519 520 527 531 697 706 709
908 | 32 35 37 49 60 72 82 84 87 88 90 98 99 103 109 111 115 117 119 120 140 160 211 223 229 245 262 263 273 280 283 289 290 291 292 297 312 331 333 337 350 359 391 394 407 412 414 425 430 437 446 455 493 503 504 508 509 513 519 520 527 531 697 706 709
909 | 5 25 45 49 50 56 58 67 69 76 78 82 87 93 109 126 128 136 148 150 175 195 198 200 209 225 243 251 262 263 276 283 289 290 292 297 312 331 333 337 346 352 359 391 394 407 412 414 427 428 429 430 433 437 446 493 513 517 519 520 531 533 539 542 548 556 606 614 697 699 709 710
910 | 32 34 47 49 50 53 56 58 87 109 128 136 148 150 189 195 200 223 224 225 229 234 272 275 276 283 289 290 291 292 297 305 312 322 331 333 337 340 346 352 359 391 397 407 412 414 425 427 428 429 430 433 437 443 446 493 503 504 506 508 513 514 517 539 583 614 697 699 709 710
911 | 32 34 47 49 50 53 56 58 87 109 128 136 148 150 189 195 200 223 224 225 229 234 272 275 276 283 289 290 291 292 297 305 312 322 331 333 337 340 346 352 359 391 397 407 412 414 425 427 428 429 430 433 437 443 446 493 503 504 506 508 513 514 517 539 583 614 697 699 709 710
912 | 6 22 25 32 34 47 49 50 53 56 58 87 88 109 128 136 148 150 157 172 189 195 200 223 224 225 229 234 262 263 272 275 276 283 289 290 291 292 297 305 312 322 331 333 337 340 346 352 359 391 397 407 412 414 425 427 428 429 430 433 437 443 446 493 503 504 506 508 509 513 514 517 519 538 539 583 606 612 614 697 699 709 710
913 | 5 6 9 22 25 30 32 34 40 46 47 49 50 53 55 70 76 136 148 150 166 175 189 195 198 200 211 229 257 265 289 292 297 299 312 331 333 337 346 352 359 363 386 387 391 392 407 412 414 425 427 428 429 433 437 446 452 455 472 493 513 519 548 556 579 582 583 606 697 699 707 710
914 | 5 6 9 22 25 30 32 34 35 40 46 47 49 50 53 55 61 65 69 70 76 83 88 93 128 132 136 148 150 152 154 156 160 163 165 166 169 172 173 175 177 189 195 198 200 211 223 224 229 242 250 257 260 261 262 263 265 289 292 297 299 312 331 333 337 346 352 359 363 386 387 391 392 407 412 414 425 427 428 429 433 437 446 452 455 472 493 506 513 518 519 521 538 548 553 556 579 582 583 606 614 654 697 699 707 708 710
915 | 150 195 198 199 200 209 211 221 222 229 250 263 272 275 276 289 297 305 312 331 333 337 346 352 359 372 391 392 394 397 398 407 412 414 437 446 455 470 482 492 493 494 500 506 508 509 520 538 541 542 543 545 548 553 556 604 697
916 | 53 56 58 150 195 198 199 200 209 211 221 222 223 224 229 243 250 262 263 272 275 276 289 297 305 312 331 333 337 346 352 359 372 391 392 394 397 398 407 412 414 437 446 455 470 482 492 493 494 500 504 506 508 509 517 520 538 539 541 542 543 545 548 553 556 604 697
917 | 32 40 115 200 223 224 225 229 234 260 289 297 312 329 331 333 337 346 350 352 359 389 391 394 407 412 414 437 446 455 492 493 494 495 504 508 509 512 513 514 538 541 542 543 545 548 553 556 604 697 699
918 | 32 40 115 200 211 223 224 225 229 234 242 243 250 260 289 297 312 329 331 333 337 346 350 352 359 389 391 394 407 412 414 437 446 455 472 492 493 494 495 504 508 509 512 513 514 538 541 542 543 545 548 553 556 604 697 699
919 | 32 40 46 53 87 99 115 119 200 211 223 224 225 229 234 242 243 245 250 260 262 263 289 297 312 329 331 333 337 346 350 352 359 389 391 394 407 412 414 427 428 429 437 443 446 455 470 472 492 493 494 495 504 508 509 512 513 514 538 539 541 542 543 545 548 553 556 604 697 699
920 | 5 32 35 40 46 47 69 72 76 78 83 84 87 88 90 98 99 115 119 140 145 150 189 223 224 225 229 260 261 262 263 273 280 283 289 297 312 322 331 333 337 344 350 359 382 389 391 407 412 414 437 446 472 482 492 493 503 504 506 508 509 513 514 697 706 709
921 | 5 32 35 40 46 47 69 72 76 78 83 84 87 88 90 98 99 115 119 189 223 224 229 242 243 245 250 257 260 261 262 263 273 280 283 289 297 312 322 331 333 337 344 350 359 382 389 391 407 412 414 437 446 482 492 493 504 506 508 509 514 538 541 542 543 545 548 553 556 604 697 706 709
922 | 5 32 35 40 46 47 69 72 76 78 83 84 87 88 90 98 99 115 119 126 128 129 132 136 140 145 148 150 151 189 223 224 225 229 260 261 262 263 273 280 283 289 297 312 322 331 333 337 344 350 359 382 389 391 407 412 414 437 446 482 492 493 503 504 506 508 509 514 520 527 614 697 706 709
923 | 5 6 22 25 26 30 32 34 35 37 40 45 47 49 50 65 69 72 76 78 83 87 98 99 103 115 117 119 140 150 160 165 175 189 211 245 262 263 264 286 289 291 296 297 312 329 331 333 337 344 350 359 371 372 382 389 391 392 394 398 407 412 414 437 446 449 452 453 454 455 467 470 472 479 482 484 485 492 493 494 495 498 499 500 520 556 582 606 654 697 706 707 709
924 | 5 6 9 30 34 37 40 45 47 49 50 61 65 69 70 72 73 76 78 83 87 99 119 132 152 154 156 157 160 163 165 166 169 173 175 177 242 243 245 250 257 262 263 264 272 275 289 292 296 297 305 312 329 331 333 337 344 346 352 359 372 389 391 392 398 407 412 414 437 446 452 455 467 470 472 493 494 498 545 548 556 582 604 654 697 706 708 709
925 | 5 6 25 47 49 50 65 67 69 70 73 76 78 80 82 83 87 111 150 152 156 157 160 163 165 169 173 175 195 198 243 262 263 272 275 289 292 297 299 305 312 329 331 333 337 344 346 347 350 359 363 372 380 382 391 392 394 398 407 412 414 424 437 446 449 452 453 454 455 467 470 472 482 484 485 492 493 494 495 496 498 499 500 510 518 519 527 548 556 580 582 606 654 697 707 708 730
